property_id,date,valuation_price
PROP000534,2021-02-07,907889.21
PROP001539,2024-01-27,324282.2
PROP000085,2019-09-25,1559151.33
PROP000503,2021-12-14,211181.69
PROP002447,2023-01-19,229775.0
PROP002935,2019-05-21,211583.04
PROP000687,2020-04-14,575096.68
PROP001958,2020-01-24,1081684.58
PROP002592,2021-11-10,1321597.21
PROP000208,2019-04-12,298847.23
PROP002031,2022-02-18,440943.36
PROP002260,2018-10-04,833012.3
PROP001873,2023-03-06,1345042.52
PROP000678,2022-03-24,744234.67
PROP000703,2018-05-06,799133.98
PROP002086,2023-03-03,1359651.51
PROP001830,2023-05-26,1161600.78
PROP002918,2023-08-27,454841.78
PROP002334,2018-01-13,1112598.2
PROP002142,2019-08-20,57808.27
PROP001381,2022-11-12,1507224.39
PROP000342,2019-05-14,1396410.38
PROP000020,2018-06-20,304954.37
PROP002317,2021-11-01,1780908.94
PROP002702,2022-04-18,1029723.33
PROP001376,2020-05-20,500543.66
PROP000786,2021-04-01,1857350.24
PROP001371,2020-02-21,821703.95
PROP002655,2020-06-28,73284.83
PROP002212,2024-11-18,1178482.11
PROP002450,2019-11-30,372679.87
PROP000708,2020-08-12,469103.96
PROP002591,2018-01-21,933475.61
PROP001835,2024-07-17,1474517.36
PROP002166,2020-12-28,536672.12
PROP000781,2020-03-16,214032.38
PROP000586,2023-05-29,789055.71
PROP002851,2021-07-21,1171143.02
PROP000784,2022-01-14,1999590.55
PROP000599,2024-09-14,242379.93
PROP000967,2022-10-24,1392675.16
PROP000625,2020-11-13,1423017.25
PROP002951,2024-11-29,1959823.51
PROP000595,2024-07-28,1065008.99
PROP000468,2019-02-11,923513.48
PROP000577,2021-04-04,1019327.8
PROP000566,2023-04-15,1602014.42
PROP002689,2019-07-08,1739817.08
PROP001124,2021-02-07,1037170.33
PROP002593,2021-12-29,1046511.91
PROP000916,2021-10-09,684685.88
PROP000047,2019-12-03,1233780.81
PROP001215,2020-11-15,628913.84
PROP001770,2021-11-20,1543309.7
PROP002660,2024-12-08,748826.74
PROP001117,2020-04-12,1570448.19
PROP002516,2024-07-31,496933.76
PROP000678,2020-04-25,470460.67
PROP002748,2024-02-19,1049026.12
PROP002374,2018-07-06,191227.2
PROP001843,2020-09-12,570237.45
PROP002870,2024-02-09,1425526.88
PROP001022,2018-10-29,871970.28
PROP001537,2019-04-15,174271.92
PROP000315,2024-06-27,515261.76
PROP001969,2024-02-16,285351.95
PROP002713,2020-06-03,139898.64
PROP001226,2018-02-08,1348728.92
PROP001487,2024-12-10,1146688.97
PROP001597,2024-09-01,949317.16
PROP001518,2021-04-29,124964.95
PROP002228,2024-06-12,461724.13
PROP000150,2023-06-01,1359309.56
PROP002561,2021-03-27,810777.43
PROP000285,2018-12-03,1624988.25
PROP000566,2022-09-06,431109.32
PROP001458,2019-09-22,188924.7
PROP002091,2021-05-07,122149.02
PROP000231,2021-04-08,72552.81
PROP000150,2020-03-04,414562.79
PROP002848,2018-04-11,662967.21
PROP000384,2022-12-19,659740.68
PROP001970,2018-03-26,143791.69
PROP002637,2024-06-21,1046750.27
PROP001498,2019-02-06,258778.09
PROP001723,2023-03-24,926564.49
PROP000846,2020-11-03,1947251.23
PROP002794,2018-09-07,611734.87
PROP001062,2024-10-03,885297.88
PROP002113,2019-09-30,1299611.14
PROP000583,2020-11-14,194470.06
PROP002753,2022-01-07,1470326.22
PROP001888,2022-12-06,794518.46
PROP001052,2024-11-03,217296.05
PROP001404,2024-02-28,1285276.45
PROP002059,2020-07-17,763458.29
PROP001789,2024-06-13,460742.59
PROP002767,2024-06-14,1317461.15
PROP001756,2022-08-23,1049346.73
PROP002330,2018-08-10,969011.42
PROP001251,2023-08-07,1477379.4
PROP001973,2019-01-03,1711869.84
PROP002634,2018-12-02,1339366.48
PROP001267,2020-01-02,1125002.99
PROP002388,2021-05-06,1032722.08
PROP001431,2022-10-14,511578.02
PROP001790,2019-02-13,1083689.6
PROP001360,2024-06-12,885013.26
PROP000812,2023-09-24,997559.1
PROP000806,2023-05-13,208471.9
PROP000766,2018-02-14,1611086.13
PROP001705,2020-02-27,633803.83
PROP000942,2018-12-26,1147532.35
PROP001570,2024-07-27,193514.06
PROP001083,2018-08-02,1494116.28
PROP000185,2022-12-31,1614782.12
PROP002365,2024-06-04,1279857.91
PROP001736,2021-04-20,1653361.31
PROP000816,2019-02-08,928582.2
PROP000290,2022-10-01,341364.51
PROP000352,2020-03-30,1315809.11
PROP000747,2019-12-21,492188.3
PROP000784,2024-03-06,794930.63
PROP001309,2024-01-22,1747673.69
PROP000415,2022-12-04,1732362.33
PROP002015,2020-05-02,297787.42
PROP001565,2019-10-02,1354853.65
PROP000860,2023-04-29,454618.62
PROP002780,2018-07-02,169240.84
PROP002232,2022-02-07,768788.98
PROP002783,2020-08-12,522413.4
PROP000218,2023-02-25,500930.68
PROP002084,2019-04-21,1936582.78
PROP001382,2024-06-13,1739835.35
PROP002700,2019-04-09,847581.98
PROP000507,2019-08-08,1906233.52
PROP001001,2020-02-26,1743173.39
PROP002850,2019-04-05,374196.22
PROP000313,2020-03-08,1644129.93
PROP000331,2019-05-22,752738.76
PROP002640,2022-04-27,347303.72
PROP001457,2022-04-21,1495163.63
PROP000197,2021-02-27,1093352.88
PROP000238,2019-10-21,1479479.83
PROP002149,2019-09-16,1594519.87
PROP000679,2020-05-24,1310517.45
PROP000200,2019-09-11,193203.81
PROP000246,2018-10-09,1690241.48
PROP000819,2021-05-13,1725400.16
PROP000518,2021-10-28,1564018.56
PROP002250,2024-05-21,431030.53
PROP001535,2019-10-13,1856538.47
PROP000783,2021-01-08,1792451.74
PROP002097,2018-06-22,1971779.94
PROP001351,2018-01-02,228238.15
PROP001439,2020-09-29,1055889.89
PROP000535,2024-06-11,261027.28
PROP002767,2020-11-26,1474057.77
PROP001894,2022-05-24,1291430.34
PROP002506,2023-11-27,1538616.11
PROP000756,2019-12-26,774291.9
PROP001962,2018-07-10,1940816.82
PROP001620,2021-02-06,958909.74
PROP000995,2024-02-14,1136455.03
PROP000080,2021-07-24,664028.94
PROP002276,2022-07-31,1516958.78
PROP000942,2024-07-25,1434702.01
PROP000564,2018-04-23,345287.63
PROP001221,2024-12-23,1332275.75
PROP002251,2020-07-09,1496338.07
PROP002823,2023-12-14,471533.82
PROP001125,2020-05-23,1750398.04
PROP000680,2020-04-12,1688971.82
PROP000221,2020-02-16,827739.74
PROP002523,2021-03-22,705762.81
PROP000223,2024-11-07,1323787.28
PROP000901,2022-07-03,908927.84
PROP000662,2023-04-28,408820.71
PROP000369,2019-10-23,349320.76
PROP002482,2020-03-09,1932757.22
PROP002923,2023-04-14,1360700.61
PROP002474,2023-01-24,567815.06
PROP001104,2019-09-08,1054392.61
PROP002523,2022-04-22,1170280.21
PROP000048,2024-07-19,67191.76
PROP001114,2018-01-09,1995279.37
PROP000974,2022-10-04,177846.77
PROP002920,2022-11-11,1242708.05
PROP001335,2018-01-28,1457076.78
PROP002547,2021-10-15,1163314.48
PROP002869,2022-12-01,1023036.07
PROP001948,2021-04-02,756811.18
PROP001926,2024-12-19,1005681.06
PROP002649,2023-05-09,1261238.19
PROP002586,2023-08-21,1472116.85
PROP000605,2018-12-16,631185.88
PROP002842,2022-06-11,478895.91
PROP002566,2023-04-10,515022.6
PROP001112,2018-12-21,1339506.03
PROP002753,2024-07-08,1742943.86
PROP001355,2020-11-08,1936483.94
PROP001891,2024-04-09,348257.13
PROP001063,2023-01-11,300975.88
PROP002438,2024-01-11,322473.11
PROP001951,2021-07-21,1340221.5
PROP001075,2024-11-24,1064480.86
PROP001049,2024-04-26,1925090.0
PROP001788,2022-07-14,121461.28
PROP001156,2024-06-01,1912578.74
PROP000799,2019-12-15,150685.23
PROP001217,2022-12-07,680347.39
PROP000543,2019-04-09,1689934.73
PROP002791,2019-09-12,652072.48
PROP000041,2024-05-30,820263.09
PROP002131,2021-06-27,424734.62
PROP001701,2024-09-12,338164.61
PROP002504,2024-12-20,774939.08
PROP000014,2018-04-24,125984.52
PROP001685,2022-03-31,1994679.82
PROP001271,2020-10-04,872449.93
PROP001895,2024-01-24,1967283.86
PROP000276,2024-02-24,414906.06
PROP000526,2020-02-09,979024.5
PROP002076,2018-12-20,875953.13
PROP001930,2024-07-17,180732.94
PROP000968,2023-07-10,774671.14
PROP001654,2018-02-09,1293354.23
PROP000038,2024-10-22,1640131.91
PROP000513,2019-12-27,1536482.57
PROP002096,2018-04-12,1768353.77
PROP002367,2023-02-01,618272.33
PROP001672,2019-09-06,1192410.84
PROP000127,2024-02-11,1399159.02
PROP002348,2022-09-26,436317.05
PROP000227,2018-08-31,1756444.59
PROP001205,2022-12-26,1260033.49
PROP002053,2021-12-29,254395.26
PROP002154,2021-12-23,1234258.65
PROP001852,2021-10-30,1547530.57
PROP001734,2024-06-11,1519825.59
PROP002382,2023-11-19,569352.82
PROP000806,2022-10-26,1838186.15
PROP002862,2021-12-28,556300.43
PROP000070,2021-05-26,471729.84
PROP000943,2024-08-02,153362.72
PROP002698,2022-04-08,71981.77
PROP000965,2021-07-20,845744.63
PROP000488,2021-01-25,388278.33
PROP001157,2018-06-06,1126520.2
PROP000748,2021-06-07,1740436.74
PROP001317,2018-08-04,92747.06
PROP001569,2022-12-12,1750715.4
PROP001623,2021-09-29,1629108.95
PROP002473,2024-06-15,1087349.47
PROP000868,2018-04-24,179702.33
PROP001667,2018-11-11,754687.62
PROP001933,2022-12-03,1000185.27
PROP002023,2020-07-22,992906.8
PROP002777,2024-09-15,1570596.74
PROP002540,2020-07-29,563341.64
PROP000534,2021-12-23,179667.96
PROP001059,2024-04-09,1965549.44
PROP001291,2020-12-19,1066370.78
PROP000821,2023-01-06,1425185.06
PROP000398,2019-06-05,134563.74
PROP000635,2019-07-21,465287.29
PROP002911,2022-07-02,934201.9
PROP002379,2020-09-20,824072.03
PROP001103,2020-01-19,1317477.88
PROP002023,2023-09-24,183358.65
PROP002902,2023-04-10,412987.56
PROP002447,2018-12-26,1147330.78
PROP000250,2024-08-15,154882.0
PROP002769,2022-02-02,751720.68
PROP000939,2020-12-27,69053.87
PROP001148,2022-09-14,1130454.98
PROP002842,2018-03-18,241478.5
PROP000406,2020-01-02,1540060.02
PROP002192,2021-10-20,464931.02
PROP000086,2018-06-17,1119367.5
PROP000015,2022-06-16,1241409.93
PROP001662,2021-10-25,661896.56
PROP000798,2018-06-12,305007.89
PROP001513,2021-11-06,1991804.08
PROP002927,2019-08-26,722482.67
PROP002581,2024-01-20,1643656.48
PROP001138,2021-01-23,111080.7
PROP000458,2022-03-15,723094.52
PROP002761,2019-08-01,1801856.52
PROP000840,2022-11-23,1001749.89
PROP000261,2019-10-22,1357062.91
PROP000086,2024-02-03,291399.91
PROP000445,2021-02-01,1064567.23
PROP001348,2020-02-02,1525629.07
PROP002709,2022-09-24,495103.45
PROP002884,2018-02-06,1284111.49
PROP002400,2023-05-25,1719875.26
PROP000726,2023-02-09,1841599.37
PROP001717,2018-03-19,1270346.5
PROP002674,2018-12-16,1388193.62
PROP001855,2023-02-16,1348722.18
PROP000636,2023-09-13,1336134.01
PROP000211,2018-02-03,1866314.15
PROP002842,2020-11-23,1009796.51
PROP002100,2021-08-05,493226.45
PROP002923,2021-08-23,363480.41
PROP002473,2018-05-03,1983454.63
PROP001376,2023-08-29,1843613.32
PROP000228,2018-11-23,116274.96
PROP002646,2019-12-21,1378722.0
PROP002415,2022-11-28,1494612.26
PROP002649,2019-04-21,484397.35
PROP001004,2019-01-13,958703.71
PROP000306,2018-02-15,1178466.29
PROP000942,2020-11-06,861816.41
PROP001866,2022-06-18,1969278.2
PROP000018,2018-06-27,1763248.18
PROP001857,2019-11-02,472522.25
PROP002191,2023-11-28,692120.6
PROP000460,2021-05-28,1894744.37
PROP001408,2019-12-12,1365897.34
PROP001378,2022-03-10,1729923.23
PROP001211,2023-08-10,1690750.84
PROP000633,2019-05-24,786344.28
PROP001653,2023-09-01,372826.97
PROP000201,2019-09-29,576236.81
PROP002734,2022-03-18,372107.58
PROP000543,2022-10-12,465740.15
PROP002193,2018-07-26,1969118.6
PROP002899,2022-10-22,293926.2
PROP002762,2019-07-19,564575.4
PROP000906,2022-11-28,687790.83
PROP002178,2022-07-16,540510.33
PROP001786,2023-07-25,273110.37
PROP000605,2021-08-19,240936.78
PROP001632,2020-04-26,1599065.49
PROP000852,2024-11-23,436850.8
PROP001250,2022-12-24,990907.48
PROP001412,2021-07-04,1956131.17
PROP000177,2020-01-28,63405.77
PROP002094,2020-04-10,1972678.56
PROP002231,2023-12-16,1683484.1
PROP000931,2024-12-31,920771.74
PROP000731,2022-12-17,199880.18
PROP002864,2021-10-12,442249.37
PROP002171,2022-02-18,133523.8
PROP001271,2021-10-25,214673.74
PROP001165,2022-05-28,1999347.06
PROP000679,2021-08-09,1367170.63
PROP002329,2024-01-01,433015.26
PROP002716,2022-09-13,1289812.39
PROP002062,2023-04-24,67542.4
PROP000910,2018-02-03,659540.77
PROP000463,2024-10-14,1364763.52
PROP002404,2021-05-20,1407137.82
PROP000201,2018-08-26,1356363.65
PROP000919,2020-05-19,929776.54
PROP001187,2023-09-25,1124791.97
PROP002540,2018-11-17,55435.77
PROP002749,2018-10-16,113420.15
PROP001831,2019-04-02,673260.19
PROP001240,2019-06-10,1397108.33
PROP000990,2021-08-18,1348705.42
PROP002093,2021-04-26,1826317.67
PROP002367,2021-03-31,99872.91
PROP001750,2024-09-05,528492.02
PROP000629,2021-06-23,1934832.81
PROP002395,2018-12-17,1754300.09
PROP002712,2023-05-24,1049001.45
PROP002176,2024-08-27,140437.04
PROP001768,2019-05-02,1811166.86
PROP001067,2023-05-14,1319440.06
PROP002444,2020-11-26,1132004.34
PROP002154,2020-02-06,1327837.42
PROP002368,2021-03-19,1976239.19
PROP001305,2022-06-05,1231799.21
PROP001629,2019-08-20,1445585.03
PROP000250,2018-08-17,1429673.66
PROP001046,2024-12-22,1470155.76
PROP000747,2024-01-17,383912.57
PROP000751,2021-09-12,834857.91
PROP000843,2021-12-21,1931270.32
PROP002203,2021-12-05,1936446.78
PROP002097,2024-11-13,334903.68
PROP000449,2023-11-23,1725366.06
PROP000834,2022-02-24,1826146.1
PROP001192,2024-09-15,650125.87
PROP001219,2019-09-22,1797993.65
PROP000442,2019-01-25,1087247.98
PROP000065,2021-06-07,500505.35
PROP000313,2024-03-28,347738.25
PROP001812,2024-07-16,878541.05
PROP002750,2020-12-08,653769.5
PROP001643,2021-01-17,1893977.17
PROP000670,2023-12-27,1789354.79
PROP001670,2024-11-24,527961.84
PROP002360,2024-04-30,1621061.98
PROP000122,2018-03-03,1215030.12
PROP001156,2022-04-12,456022.6
PROP000149,2023-03-18,1915001.05
PROP002195,2019-09-12,117542.96
PROP000909,2019-04-17,1239036.44
PROP002650,2018-02-08,706984.04
PROP000343,2023-11-29,1372175.99
PROP001264,2021-10-02,1358457.18
PROP000610,2021-01-16,1606048.22
PROP001614,2020-05-22,1788760.09
PROP002375,2018-09-24,787504.18
PROP001257,2022-05-04,869794.28
PROP002563,2023-06-04,1372011.06
PROP001832,2024-07-26,1081090.19
PROP001943,2019-09-27,435204.09
PROP001339,2019-05-01,1555952.06
PROP000945,2022-01-11,1515421.97
PROP002244,2021-08-24,581432.52
PROP002234,2018-04-15,608576.64
PROP001393,2018-06-23,707754.36
PROP000675,2022-10-25,1729764.45
PROP002889,2022-05-02,1971383.84
PROP001112,2020-03-23,979142.29
PROP000614,2020-01-31,167377.53
PROP001190,2022-01-08,1713881.46
PROP002073,2018-07-21,1255529.8
PROP002296,2024-10-04,1742170.19
PROP001695,2022-03-19,1799239.78
PROP001539,2022-11-29,350395.52
PROP000019,2024-06-25,1361399.31
PROP002381,2022-11-29,904846.42
PROP001700,2022-01-26,699427.3
PROP000854,2018-10-17,1128018.63
PROP002736,2023-06-20,1085378.42
PROP000384,2018-07-16,211682.5
PROP001517,2020-01-31,1374919.24
PROP002190,2018-05-14,1755886.02
PROP002499,2018-08-07,1168530.03
PROP002461,2020-10-03,1580389.87
PROP001921,2020-07-25,526308.23
PROP001997,2020-10-24,1681224.13
PROP001890,2020-02-07,1900038.7
PROP001239,2024-08-07,268173.61
PROP001718,2020-05-01,855198.31
PROP001002,2019-12-31,805897.96
PROP000218,2018-04-09,140312.51
PROP002353,2022-12-31,816459.25
PROP000101,2021-02-27,1337260.92
PROP002785,2024-02-11,685039.69
PROP000122,2019-05-24,1148655.09
PROP002252,2020-05-02,978761.21
PROP001814,2018-06-22,678880.65
PROP001392,2024-05-31,811564.62
PROP000678,2022-10-06,1209658.42
PROP002431,2024-10-08,893389.49
PROP002523,2018-04-22,849502.42
PROP000659,2021-04-18,1020705.23
PROP001407,2018-12-10,1530996.4
PROP000101,2023-06-15,454185.14
PROP000200,2022-03-05,303795.53
PROP002929,2023-07-04,109332.88
PROP002435,2021-05-26,265382.43
PROP002456,2022-08-21,222660.53
PROP001608,2024-03-06,1047864.53
PROP002329,2018-12-03,315452.46
PROP001954,2023-12-22,783565.64
PROP001890,2021-08-18,194101.45
PROP000768,2020-01-27,1644846.05
PROP001215,2021-03-18,163755.31
PROP001269,2021-02-28,1480729.42
PROP001887,2020-09-18,690228.86
PROP002857,2022-10-16,1204757.25
PROP000888,2024-08-27,436860.26
PROP000019,2023-08-01,586702.34
PROP001225,2019-06-13,290116.83
PROP001139,2021-06-25,1825682.14
PROP000963,2019-06-05,130899.9
PROP002207,2023-08-04,1356271.63
PROP002805,2024-08-05,290543.58
PROP000711,2021-09-17,1229662.91
PROP000337,2022-07-15,560464.54
PROP001807,2022-09-12,201961.04
PROP001682,2023-07-13,1373161.31
PROP000975,2022-02-25,725336.7
PROP001706,2019-10-23,1307595.1
PROP001290,2023-03-28,520937.36
PROP002214,2023-11-05,679549.54
PROP000892,2024-09-06,788527.91
PROP000503,2019-12-22,234816.03
PROP002638,2024-09-24,1732852.93
PROP002744,2019-12-30,287938.88
PROP000696,2020-12-06,1340145.42
PROP001909,2021-02-23,1841986.69
PROP000853,2022-04-30,682131.15
PROP001987,2019-02-04,1765215.16
PROP000543,2019-09-09,504452.39
PROP001614,2023-09-24,775731.62
PROP001556,2024-04-28,312369.37
PROP002911,2020-08-05,414248.05
PROP001474,2020-03-06,1908557.29
PROP002456,2024-07-18,1902638.25
PROP000742,2024-03-31,159148.36
PROP002995,2022-02-22,1664955.13
PROP002769,2024-01-10,410860.5
PROP000197,2023-12-08,1628444.2
PROP000410,2018-03-04,877003.46
PROP000998,2024-05-08,994975.49
PROP000796,2023-01-15,403758.96
PROP000244,2020-11-17,1875330.46
PROP001420,2021-02-05,1054232.84
PROP001858,2024-04-09,397416.5
PROP001231,2022-02-02,392218.32
PROP001653,2020-08-12,945457.27
PROP000777,2020-08-02,1180717.72
PROP001928,2022-03-29,694122.26
PROP002770,2022-12-24,1525228.34
PROP001679,2021-12-16,1601656.84
PROP002484,2022-10-10,1472199.1
PROP000360,2019-01-03,1412025.86
PROP002487,2022-02-01,458403.28
PROP002837,2019-10-11,1033416.04
PROP000057,2021-06-30,543525.46
PROP002666,2019-02-13,264212.09
PROP001612,2024-11-25,1690923.32
PROP001277,2019-07-16,1356984.54
PROP002996,2022-09-28,769122.05
PROP001453,2020-04-03,1656699.88
PROP001289,2021-04-17,1651466.71
PROP002308,2020-09-13,137686.21
PROP001872,2019-12-08,1280962.68
PROP000998,2018-04-03,1943722.28
PROP001159,2024-10-16,1378989.42
PROP001167,2022-09-30,561010.28
PROP000067,2019-09-17,1539343.71
PROP000788,2020-03-14,515418.17
PROP000457,2020-01-03,1079164.16
PROP000821,2019-04-16,1326927.25
PROP001613,2020-06-18,1605776.99
PROP000328,2023-07-02,1458534.33
PROP001830,2022-06-12,815997.88
PROP002784,2018-10-07,1607590.03
PROP001524,2018-04-03,1654609.39
PROP001993,2018-09-27,1582326.8
PROP001668,2023-08-25,281539.65
PROP001930,2020-03-06,169097.89
PROP000672,2018-08-18,994432.48
PROP000942,2024-01-22,1797678.65
PROP001092,2022-01-11,1422894.08
PROP000528,2020-06-25,1723731.46
PROP001697,2020-02-07,858055.7
PROP001089,2019-04-17,1177481.43
PROP002100,2023-12-27,1833989.35
PROP002775,2023-11-11,1932407.54
PROP001969,2019-08-02,1680203.23
PROP001233,2020-04-18,736767.83
PROP002170,2019-01-11,56173.06
PROP001487,2023-01-30,603231.85
PROP002811,2019-01-12,313614.17
PROP001520,2024-04-16,753460.75
PROP001904,2022-10-14,804570.26
PROP002685,2018-09-07,1698838.62
PROP001511,2021-08-23,834475.14
PROP002443,2023-07-07,1075834.96
PROP002807,2024-03-16,1702319.59
PROP000439,2022-02-03,172890.25
PROP000838,2018-04-15,1817746.92
PROP000224,2020-09-27,1333416.67
PROP000892,2023-03-10,1821104.54
PROP001487,2019-03-28,427168.73
PROP000561,2020-06-28,399178.73
PROP002501,2018-12-09,980486.41
PROP002343,2022-07-19,1459395.38
PROP001084,2023-05-30,1715954.76
PROP001235,2022-07-29,1479366.44
PROP002495,2019-12-12,1801298.51
PROP002265,2020-03-18,447955.48
PROP002065,2023-09-10,1690347.18
PROP000171,2022-06-20,127277.83
PROP001145,2023-02-23,1565473.21
PROP000387,2021-05-04,846794.55
PROP001600,2021-04-14,706814.93
PROP002915,2018-10-30,152430.14
PROP002923,2020-01-25,433919.9
PROP002547,2020-10-10,229333.19
PROP001832,2019-05-12,1469463.61
PROP002725,2020-03-01,112722.26
PROP002410,2018-01-19,1483383.62
PROP002052,2024-04-26,1538090.65
PROP001883,2019-01-29,861657.26
PROP001996,2020-08-30,1036985.12
PROP001307,2018-03-27,194219.46
PROP000645,2021-11-30,704851.48
PROP002555,2021-02-14,844014.77
PROP002618,2024-01-19,1348256.52
PROP000742,2024-07-01,1894325.65
PROP001856,2020-12-31,1586405.55
PROP001448,2022-09-01,1453431.4
PROP000942,2018-01-17,556324.91
PROP001625,2018-05-03,1109663.33
PROP000929,2020-11-25,1935387.09
PROP001183,2023-09-03,1083030.9
PROP000991,2019-07-04,145036.15
PROP002454,2018-05-14,1037832.26
PROP000980,2024-06-10,1030665.31
PROP002939,2021-03-12,547725.29
PROP002734,2023-11-14,463064.31
PROP000363,2020-06-09,1242320.68
PROP002484,2021-10-15,103448.63
PROP000080,2020-09-25,1873491.18
PROP002594,2018-03-03,1827699.38
PROP002707,2020-11-06,648116.18
PROP002358,2022-08-25,1490989.59
PROP001639,2022-05-31,1656913.66
PROP001103,2024-06-13,866871.03
PROP002375,2020-07-18,262676.41
PROP001540,2022-09-17,758586.65
PROP001243,2018-03-03,1610381.04
PROP000810,2018-08-20,57626.67
PROP001568,2022-08-31,1207123.96
PROP001733,2019-01-13,1515329.5
PROP000851,2020-07-03,1608053.6
PROP000156,2024-12-02,1794944.35
PROP002770,2019-05-18,1604624.64
PROP000392,2020-12-18,1688476.29
PROP000165,2018-05-11,1419341.17
PROP001027,2022-04-03,1662069.98
PROP002911,2021-07-26,302405.68
PROP000049,2021-06-23,1702447.38
PROP000002,2020-09-08,700625.81
PROP000179,2019-03-08,897716.7
PROP000235,2020-09-03,604793.14
PROP001708,2023-09-05,1995956.38
PROP002993,2020-10-13,1415560.63
PROP000792,2022-07-13,421399.48
PROP002910,2022-07-20,1457012.74
PROP002302,2023-07-16,1225820.23
PROP002192,2020-01-09,516935.01
PROP001213,2022-07-25,1739600.63
PROP002035,2022-03-07,935337.69
PROP000482,2022-04-27,110980.16
PROP002067,2022-01-09,481851.37
PROP000843,2021-12-13,555110.77
PROP000827,2019-01-07,1663444.66
PROP002693,2024-02-12,387382.29
PROP002380,2018-11-20,1176444.04
PROP001820,2024-10-13,1405991.61
PROP000601,2023-03-25,758140.7
PROP001306,2019-05-11,211349.0
PROP001804,2024-03-08,1801883.65
PROP000417,2021-09-09,1755543.9
PROP000748,2019-04-07,1604324.26
PROP000979,2023-10-30,1015785.66
PROP001389,2024-05-31,1195516.53
PROP002371,2021-11-09,473923.2
PROP002162,2020-06-28,1237065.73
PROP000161,2021-02-03,1681044.83
PROP000591,2024-12-09,1320579.72
PROP001424,2019-04-22,147098.9
PROP002614,2022-03-01,1940072.89
PROP002183,2022-08-22,1008385.81
PROP000332,2023-05-12,491195.28
PROP000749,2023-08-24,376659.06
PROP000474,2019-02-20,120803.38
PROP002328,2024-04-26,1641364.39
PROP002923,2022-10-08,296962.02
PROP001823,2019-09-11,1534051.66
PROP002173,2018-02-11,514407.02
PROP000713,2023-01-11,1316230.96
PROP001691,2024-08-03,434257.43
PROP001217,2022-09-26,1510920.34
PROP000530,2021-03-11,1854378.75
PROP002669,2020-08-17,433108.54
PROP002207,2022-07-07,309072.68
PROP000173,2023-03-09,1122337.17
PROP001774,2023-08-12,1943586.88
PROP002879,2021-05-27,421141.6
PROP002922,2020-03-24,1239551.43
PROP001626,2023-03-14,1123358.93
PROP002319,2022-03-07,1064178.19
PROP001480,2022-04-06,1342266.03
PROP000613,2022-10-02,688025.32
PROP000956,2019-11-06,1605433.45
PROP002152,2018-09-21,424786.19
PROP000684,2020-06-17,1309756.14
PROP001808,2018-06-15,1577996.48
PROP001493,2021-10-06,1016071.13
PROP002593,2022-11-30,234158.98
PROP000698,2019-11-07,955306.21
PROP000391,2020-05-10,1970366.64
PROP001422,2024-05-08,1367453.97
PROP000698,2022-01-27,1542733.55
PROP001702,2022-08-05,195389.65
PROP001884,2022-01-22,60639.19
PROP001422,2019-09-20,1222374.6
PROP002431,2019-09-30,168138.84
PROP000811,2021-01-12,213212.44
PROP002137,2024-03-29,56668.38
PROP000061,2019-12-24,160731.07
PROP001438,2019-05-28,1829178.46
PROP001454,2018-06-11,1349824.24
PROP001227,2024-12-16,644367.77
PROP000806,2020-06-04,1509214.78
PROP000541,2024-08-30,1846552.27
PROP002421,2024-08-03,523931.99
PROP002097,2018-12-15,423715.82
PROP002267,2018-10-04,800216.98
PROP001972,2021-05-13,1590528.9
PROP000827,2022-11-09,928158.85
PROP001951,2020-07-17,1830713.81
PROP002399,2024-09-02,1816471.4
PROP002421,2019-02-05,461045.13
PROP001217,2018-03-14,724672.13
PROP001726,2020-10-27,184916.38
PROP001579,2020-09-18,908339.46
PROP000351,2024-04-17,516527.98
PROP002043,2022-05-25,516511.48
PROP000328,2021-10-31,1308587.98
PROP001643,2024-06-12,1610865.75
PROP002726,2019-01-18,650924.62
PROP000481,2018-10-26,1518912.91
PROP002976,2024-07-13,292732.1
PROP002188,2018-05-18,754438.51
PROP002764,2019-01-07,787188.93
PROP001896,2021-12-06,1559229.13
PROP002911,2020-12-03,171175.81
PROP000845,2018-05-21,1873612.4
PROP001726,2020-04-08,503736.0
PROP000485,2022-06-29,856653.6
PROP001913,2020-05-27,969917.09
PROP000079,2022-08-27,1865583.53
PROP000463,2021-01-25,1713375.5
PROP002296,2023-02-12,1700164.87
PROP002960,2023-10-28,1998875.21
PROP002232,2022-06-17,1307225.1
PROP000682,2021-09-29,203877.97
PROP000113,2021-07-09,1022235.51
PROP000300,2020-08-05,1293059.07
PROP002325,2021-01-12,744032.33
PROP002461,2018-10-22,1167492.8
PROP001001,2020-04-14,1990354.99
PROP000689,2023-03-01,1500758.51
PROP002378,2023-02-01,1782183.47
PROP001874,2019-07-20,1683548.09
PROP001153,2024-05-13,1150117.47
PROP001006,2021-06-15,1378645.52
PROP000175,2018-08-09,731079.64
PROP000900,2023-02-04,1563028.63
PROP001895,2018-12-07,94056.17
PROP002997,2020-10-04,418285.28
PROP001011,2024-07-11,1545274.8
PROP000141,2023-10-10,151724.06
PROP000505,2024-08-14,663827.18
PROP000775,2023-05-26,1477818.32
PROP000255,2024-07-07,1373803.6
PROP000630,2024-05-08,557019.91
PROP001837,2019-03-18,1010114.06
PROP002919,2021-09-24,1171038.96
PROP001663,2019-09-29,1763628.22
PROP000870,2019-08-16,532031.04
PROP001134,2018-06-19,627998.15
PROP001746,2023-03-22,840873.61
PROP002365,2024-08-14,300211.86
PROP000760,2020-01-31,1050633.53
PROP002126,2021-05-03,1188695.8
PROP002773,2019-02-16,1497947.72
PROP002007,2020-03-18,1305457.19
PROP001385,2019-09-19,81309.11
PROP001044,2018-07-29,917173.44
PROP002710,2021-03-12,217860.79
PROP000268,2019-07-20,1512369.71
PROP000949,2018-08-06,1618541.92
PROP002552,2019-08-15,1223988.74
PROP001716,2018-08-16,154335.87
PROP002850,2018-11-08,1118553.3
PROP001366,2021-07-03,1768333.17
PROP001771,2022-01-26,910970.95
PROP002984,2018-12-13,1174349.18
PROP000805,2018-05-15,936248.53
PROP002114,2020-08-31,1051372.04
PROP002209,2021-05-15,619393.09
PROP000395,2022-02-01,1544231.45
PROP001615,2022-05-29,1470038.64
PROP002770,2020-08-18,1309983.88
PROP000352,2023-07-06,1494054.62
PROP002106,2020-04-09,860211.76
PROP001794,2023-02-25,1173766.9
PROP002503,2019-07-02,975171.79
PROP000556,2019-09-10,153197.13
PROP000962,2024-04-26,850746.2
PROP000327,2019-04-01,990586.01
PROP001250,2023-03-25,1892935.09
PROP000105,2022-05-25,772434.03
PROP001216,2024-10-24,1053379.22
PROP001847,2023-09-15,1715459.36
PROP001676,2018-03-28,866861.4
PROP001372,2020-04-24,988136.84
PROP001800,2019-11-17,1182040.7
PROP000126,2022-02-12,1702074.75
PROP000450,2021-10-10,195453.59
PROP002983,2023-10-31,302253.01
PROP002423,2020-08-18,760409.6
PROP001794,2020-04-03,1053430.8
PROP002764,2024-04-25,1118949.57
PROP000926,2022-08-27,811894.62
PROP002349,2018-05-01,806274.01
PROP000660,2019-11-14,1902897.08
PROP002419,2024-01-27,1206522.62
PROP001890,2018-09-23,1740243.81
PROP002057,2021-01-17,774386.76
PROP001555,2018-10-08,488641.58
PROP002023,2021-12-16,858983.82
PROP002425,2022-07-19,95507.12
PROP000344,2020-03-14,1909714.37
PROP001888,2024-07-08,1278772.37
PROP001886,2023-04-21,1673509.9
PROP001328,2023-08-17,1332018.35
PROP001219,2020-01-12,843892.62
PROP000999,2019-06-20,740806.56
PROP000430,2023-09-01,1737837.74
PROP001599,2018-03-24,1188223.74
PROP001383,2023-02-16,736903.32
PROP002283,2019-07-12,1454138.52
PROP000846,2023-05-03,854808.33
PROP000578,2019-09-10,1778863.29
PROP001183,2018-04-24,954827.2
PROP000141,2021-09-02,1256225.09
PROP000211,2021-09-15,1190210.4
PROP000638,2019-07-28,1818977.12
PROP001824,2020-08-27,1503950.11
PROP002020,2023-06-15,120911.07
PROP002796,2020-05-26,1123011.17
PROP001336,2023-02-07,1736326.89
PROP002929,2019-11-02,745777.66
PROP002454,2020-05-05,1824972.46
PROP000310,2023-04-06,123632.64
PROP001762,2021-04-03,1333792.49
PROP000938,2018-01-10,1533097.59
PROP002807,2022-03-24,1711949.77
PROP001282,2023-12-05,601549.97
PROP002965,2018-01-13,1864785.61
PROP002745,2022-07-02,1276946.0
PROP001731,2020-04-18,847658.42
PROP001653,2021-07-30,384268.43
PROP000090,2023-03-13,1034533.45
PROP000222,2022-06-06,1949584.75
PROP002795,2020-12-18,1861359.72
PROP000863,2021-04-02,533494.42
PROP000600,2024-11-11,1654684.55
PROP000100,2023-09-16,1048842.62
PROP000233,2024-04-07,172468.25
PROP001212,2020-03-13,1901894.72
PROP002213,2024-06-08,967798.44
PROP002308,2020-04-21,176517.59
PROP001698,2023-12-11,1800238.13
PROP001749,2023-09-06,476381.46
PROP002738,2019-04-26,988138.94
PROP001921,2020-05-26,1965771.45
PROP001109,2018-09-09,1389589.49
PROP000275,2021-02-17,255986.05
PROP002093,2020-08-26,308848.59
PROP000710,2021-07-02,1053307.6
PROP001894,2020-02-06,1515437.68
PROP001157,2024-03-10,612655.71
PROP001197,2019-11-14,1262509.78
PROP002214,2019-01-11,1249288.49
PROP001916,2018-05-14,176160.72
PROP000916,2018-07-17,1949020.99
PROP001046,2021-07-26,109875.03
PROP001930,2018-07-20,942415.13
PROP001219,2018-12-03,120359.51
PROP002583,2019-04-24,748206.17
PROP000490,2024-01-08,1238129.79
PROP000651,2020-12-25,1270349.87
PROP002980,2018-09-22,416174.82
PROP002192,2022-12-21,363948.66
PROP002029,2019-09-09,1268006.18
PROP002924,2020-06-11,786814.45
PROP001755,2019-08-21,559229.08
PROP001838,2021-05-24,1679800.73
PROP000945,2019-06-29,946275.57
PROP001456,2022-07-07,643749.43
PROP000797,2021-06-15,727873.05
PROP001425,2024-12-21,1233786.6
PROP002354,2020-06-23,421963.24
PROP002101,2018-05-02,143191.31
PROP000174,2022-05-18,1923760.12
PROP001544,2022-07-08,396107.63
PROP002113,2018-04-05,343622.09
PROP002078,2022-09-09,1106262.66
PROP000476,2024-09-25,162291.78
PROP002433,2022-08-02,1445357.04
PROP000430,2020-01-17,1391139.83
PROP002510,2018-01-02,355280.15
PROP001290,2021-01-29,1964989.78
PROP002947,2019-10-17,418717.31
PROP000183,2021-09-21,1628131.41
PROP000555,2024-11-16,1568079.51
PROP002626,2024-08-02,1319956.55
PROP002009,2021-05-29,724706.75
PROP002682,2018-12-05,1225880.41
PROP000433,2022-12-08,1087212.8
PROP001765,2020-12-06,579535.15
PROP002902,2020-11-03,618572.99
PROP002733,2020-08-26,227919.99
PROP002651,2024-07-17,715926.82
PROP000105,2023-07-17,878173.2
PROP001753,2019-02-15,200924.0
PROP000993,2019-10-07,428004.02
PROP002388,2022-08-24,81992.85
PROP002103,2018-09-11,957623.68
PROP000038,2023-03-30,1281197.6
PROP000751,2024-07-31,1030758.51
PROP001472,2023-10-17,397126.09
PROP002965,2019-06-29,1318235.82
PROP001241,2023-10-03,1807896.1
PROP001130,2021-05-29,1107166.61
PROP002300,2019-10-11,1059210.58
PROP000901,2024-08-18,1007258.06
PROP000359,2022-09-15,313512.16
PROP000355,2024-03-17,1921313.35
PROP001375,2022-05-27,1796415.87
PROP001875,2022-08-11,1656497.58
PROP000156,2022-01-14,1642352.5
PROP000108,2024-03-02,1151492.88
PROP001702,2021-05-25,607782.34
PROP000133,2022-12-22,279857.82
PROP002329,2020-04-05,528640.88
PROP002450,2018-06-17,1587354.27
PROP000861,2024-07-01,1273221.69
PROP000515,2021-06-05,1154135.13
PROP001362,2022-11-02,754673.21
PROP002607,2024-05-22,1690430.99
PROP002323,2021-01-20,1876086.15
PROP001444,2018-10-12,165263.39
PROP000164,2024-02-28,522965.79
PROP001929,2021-08-16,810217.83
PROP001721,2018-10-14,1684520.15
PROP000158,2018-01-08,852457.61
PROP001929,2023-10-31,953199.14
PROP000069,2022-06-11,1164880.12
PROP002711,2022-06-19,1151380.54
PROP001547,2021-06-13,808695.05
PROP002285,2024-08-13,1214840.86
PROP002313,2024-03-31,1443051.04
PROP002960,2019-09-02,1260419.11
PROP000729,2020-10-26,1384686.28
PROP000624,2019-06-15,1957685.76
PROP002801,2020-02-22,927063.42
PROP002157,2020-07-19,1279288.61
PROP001519,2021-05-22,1915167.6
PROP002651,2022-12-24,1844906.46
PROP002733,2022-09-05,542765.85
PROP002543,2022-05-25,179757.94
PROP002879,2019-03-15,1020628.55
PROP001708,2020-04-26,522176.11
PROP000516,2020-08-03,764645.12
PROP002664,2023-06-20,1278479.46
PROP001789,2019-10-26,1257266.77
PROP001125,2022-11-12,1558696.13
PROP000410,2020-10-15,1614080.55
PROP000075,2020-01-09,389677.07
PROP000464,2024-09-07,1214595.12
PROP000708,2024-09-14,1243716.66
PROP001881,2020-08-29,92142.85
PROP001936,2023-02-04,563113.12
PROP001182,2020-12-05,418315.42
PROP001974,2021-10-07,950652.7
PROP002162,2022-01-08,494381.41
PROP000885,2024-09-13,1437214.7
PROP000130,2023-01-13,1619514.03
PROP000434,2020-11-09,1380375.3
PROP001317,2023-07-17,807829.29
PROP001993,2021-09-07,96322.74
PROP002221,2020-05-13,1537209.89
PROP000877,2022-08-08,859738.24
PROP001396,2024-04-24,618030.56
PROP000723,2023-06-11,1447707.35
PROP000738,2023-11-19,525781.02
PROP000160,2022-05-16,162616.96
PROP001085,2018-11-04,496934.98
PROP002264,2019-11-13,1164463.62
PROP002839,2023-04-28,79633.93
PROP002168,2019-02-21,719750.24
PROP001393,2021-01-31,1119767.26
PROP000262,2021-09-06,1987944.41
PROP002222,2021-03-26,1131812.61
PROP000929,2019-11-26,1912272.26
PROP000215,2018-02-25,878257.18
PROP001577,2018-01-30,466192.49
PROP002900,2022-12-17,1506468.24
PROP002453,2019-02-08,1768451.51
PROP002445,2020-03-31,151955.0
PROP002257,2020-08-24,465522.52
PROP001378,2023-01-22,1790477.74
PROP001670,2024-08-08,725141.66
PROP001326,2022-07-31,854311.16
PROP000201,2022-08-23,385290.9
PROP001206,2021-10-16,1705326.22
PROP000596,2018-06-09,913066.19
PROP000230,2024-07-23,418056.89
PROP002620,2023-11-18,659764.86
PROP001537,2022-09-10,430827.69
PROP000141,2020-04-29,1058125.8
PROP002404,2018-11-15,1323402.8
PROP000568,2018-08-14,284906.02
PROP002947,2023-12-18,1567831.39
PROP000216,2018-08-29,51159.32
PROP001298,2024-02-11,1017533.57
PROP000051,2024-04-27,1025249.23
PROP001681,2023-02-13,1902533.78
PROP000904,2021-01-04,536270.76
PROP001113,2020-01-09,83059.63
PROP001208,2019-09-30,454840.52
PROP001329,2019-06-05,153091.87
PROP001409,2024-01-11,1464384.83
PROP002442,2024-07-26,653037.82
PROP001064,2022-05-18,1712698.0
PROP002150,2024-04-01,1778322.17
PROP002341,2024-02-11,172198.16
PROP000642,2018-02-07,130643.99
PROP000133,2023-12-20,863612.88
PROP000962,2020-09-26,234967.0
PROP002182,2022-05-04,1062068.69
PROP000959,2024-11-01,837330.56
PROP000250,2020-03-17,1838133.12
PROP001149,2021-07-04,1313734.76
PROP001177,2018-06-23,1209807.88
PROP001133,2019-09-10,1325504.91
PROP000697,2024-04-09,502282.62
PROP002645,2023-06-02,665012.88
PROP000911,2021-04-27,716222.73
PROP002352,2023-07-27,1595056.1
PROP001762,2019-06-28,1573674.8
PROP000672,2022-07-05,1234365.24
PROP001828,2024-02-11,709178.87
PROP002746,2019-03-08,1715640.84
PROP000278,2024-10-27,1467577.98
PROP001319,2018-10-26,1191321.19
PROP002265,2021-06-26,1414131.7
PROP002741,2024-10-02,945452.25
PROP001639,2019-06-24,808428.26
PROP000078,2022-06-10,758021.59
PROP001347,2022-02-27,75510.74
PROP001628,2019-05-20,898890.09
PROP002078,2022-07-12,1054463.14
PROP002406,2024-11-15,180234.74
PROP002933,2019-08-29,1050090.83
PROP001864,2024-05-27,1332980.91
PROP001176,2020-06-22,1840005.63
PROP000530,2023-04-30,618525.45
PROP001921,2022-11-27,54178.52
PROP001800,2021-01-17,184859.26
PROP002520,2018-03-11,1493806.41
PROP002282,2019-06-07,1170183.8
PROP000331,2023-04-09,88349.87
PROP002640,2022-10-12,196574.27
PROP002832,2022-12-30,460159.51
PROP000921,2020-10-02,443263.67
PROP002546,2022-04-29,1705390.22
PROP001988,2024-08-20,542364.06
PROP002245,2023-12-27,1514174.3
PROP000575,2021-02-06,1410381.46
PROP000203,2024-07-08,417966.67
PROP002964,2023-03-11,757807.31
PROP001897,2022-02-13,524841.23
PROP000220,2021-07-16,1623409.87
PROP000243,2024-06-22,1344033.8
PROP002890,2022-10-31,140285.03
PROP000121,2021-08-09,1307854.26
PROP002622,2018-10-14,1826405.03
PROP002496,2018-09-23,945970.01
PROP001818,2022-05-07,1644450.06
PROP002680,2020-05-20,1678952.46
PROP001821,2019-12-22,323000.1
PROP002665,2023-06-26,594979.56
PROP002481,2022-06-06,1035455.6
PROP002706,2020-04-12,1171364.62
PROP001775,2018-02-15,303682.12
PROP000394,2020-12-24,587693.2
PROP001450,2024-11-19,53145.7
PROP000018,2023-11-04,948240.94
PROP000842,2024-03-18,1784010.63
PROP000788,2019-05-08,1716756.34
PROP002378,2021-09-19,1302707.17
PROP001539,2024-02-21,1532592.16
PROP001959,2023-07-25,1573626.34
PROP002754,2024-07-15,913447.07
PROP001120,2021-05-10,1938447.62
PROP001486,2020-06-08,1627728.29
PROP001289,2024-03-02,1602933.96
PROP000613,2024-09-29,882239.69
PROP000904,2022-10-28,709224.69
PROP001351,2018-08-29,1785848.33
PROP002567,2020-06-26,1738338.32
PROP000467,2020-11-08,174339.3
PROP002929,2023-02-16,1255575.84
PROP002261,2021-12-14,1961511.23
PROP000851,2018-01-03,1835299.29
PROP001557,2023-06-23,950338.33
PROP000007,2022-07-19,92447.62
PROP000285,2024-12-07,1712186.48
PROP000208,2019-03-02,606725.57
PROP000963,2021-01-29,1838380.38
PROP002131,2020-03-11,1925564.81
PROP002151,2021-10-23,574561.98
PROP002648,2019-08-25,499021.3
PROP001342,2024-07-20,1870380.5
PROP001953,2024-04-05,1959162.28
PROP001080,2024-10-15,1563645.01
PROP001593,2023-06-16,1159904.2
PROP002311,2019-08-16,1432766.25
PROP000765,2020-06-30,1231611.19
PROP000475,2021-11-24,398700.42
PROP002883,2018-03-11,1372326.01
PROP001815,2023-11-27,1893290.02
PROP002954,2018-10-01,1455321.04
PROP000819,2020-02-20,1123978.17
PROP001384,2020-10-23,1618363.83
PROP002709,2022-10-28,1970989.73
PROP001787,2024-05-25,1738156.12
PROP001777,2022-08-15,1101684.98
PROP000233,2024-03-14,483555.05
PROP002618,2021-09-23,128729.21
PROP000770,2019-12-03,714455.16
PROP001329,2023-11-20,1886679.06
PROP002787,2019-03-29,1852086.34
PROP001115,2023-05-05,1673400.13
PROP000136,2022-08-24,60967.45
PROP002738,2020-04-06,1942374.36
PROP002814,2023-12-28,1674727.57
PROP002461,2022-12-11,1671631.64
PROP002398,2024-03-07,886373.65
PROP002090,2021-08-23,1408836.92
PROP002297,2020-12-24,521829.19
PROP001094,2019-05-21,871074.05
PROP002287,2024-11-12,198724.31
PROP001705,2022-10-03,506757.68
PROP000462,2019-07-01,939322.96
PROP001691,2024-10-13,1561198.14
PROP002689,2021-03-13,1820562.62
PROP000558,2019-08-27,144135.15
PROP002810,2022-06-11,1612616.26
PROP002670,2020-06-19,400149.72
PROP001147,2020-04-06,1782857.85
PROP001144,2020-03-18,1385050.41
PROP000808,2023-01-19,329603.22
PROP002195,2023-01-06,1778473.08
PROP001258,2024-02-05,1366025.1
PROP000831,2021-10-17,1570843.93
PROP001086,2019-04-25,1074716.23
PROP002746,2018-10-05,368144.72
PROP000036,2022-07-02,499092.36
PROP001423,2023-06-25,1037606.7
PROP000584,2024-11-10,950461.07
PROP002852,2018-03-08,1583400.9
PROP000015,2021-03-23,661932.56
PROP001476,2018-12-25,960739.09
PROP001104,2018-06-25,1806917.5
PROP002196,2022-04-30,719285.99
PROP000088,2020-01-26,465748.58
PROP000706,2022-09-13,871114.99
PROP001224,2020-03-01,71862.92
PROP001139,2024-11-08,945911.12
PROP001282,2024-04-13,1434331.29
PROP000378,2023-05-11,1337834.64
PROP001420,2019-03-11,1074434.86
PROP002351,2022-11-10,1654144.24
PROP002626,2021-08-22,1803693.81
PROP001308,2022-02-21,1065990.83
PROP002172,2021-12-12,761019.12
PROP002313,2018-04-06,1097520.98
PROP001709,2021-08-11,842246.2
PROP000428,2024-05-20,1149619.58
PROP002375,2021-11-12,1192640.97
PROP001502,2024-01-18,847169.93
PROP001469,2020-06-28,1200171.78
PROP000532,2021-06-13,512819.45
PROP000956,2019-10-22,1320808.32
PROP002590,2020-06-03,395812.77
PROP001832,2023-02-25,1771737.95
PROP001972,2022-03-18,1821526.9
PROP000349,2021-07-02,433899.69
PROP002512,2021-04-02,1591586.56
PROP002344,2020-11-09,891556.62
PROP001009,2022-10-06,1030526.11
PROP002468,2022-11-05,1734381.91
PROP002728,2019-05-15,1669126.98
PROP001040,2019-08-11,784385.69
PROP001644,2021-08-27,543509.54
PROP002809,2023-02-07,691446.08
PROP002461,2018-11-30,1642900.42
PROP000440,2020-06-28,997199.01
PROP001493,2018-05-09,1235001.7
PROP002217,2021-04-27,1187030.83
PROP001673,2020-06-02,1336602.28
PROP002387,2019-05-31,1929413.81
PROP002366,2018-10-27,1620793.66
PROP002906,2018-10-05,1608246.71
PROP001535,2021-07-07,1156791.68
PROP002790,2019-03-12,1288440.04
PROP001678,2022-09-14,1530217.12
PROP000493,2023-03-11,744171.23
PROP002734,2024-06-26,156889.71
PROP002045,2021-04-21,1878680.72
PROP002057,2022-05-22,1941543.06
PROP002969,2021-02-21,210188.54
PROP001322,2018-05-01,476886.61
PROP001765,2019-01-02,1931183.53
PROP002251,2021-08-15,1672630.88
PROP001179,2022-11-26,277891.24
PROP001197,2020-07-02,1468395.05
PROP000782,2019-12-21,564635.87
PROP000662,2021-10-15,854781.9
PROP000527,2022-12-16,815229.07
PROP000756,2020-09-15,1657578.79
PROP001391,2021-04-18,281600.4
PROP001373,2019-06-02,1656118.92
PROP001407,2020-02-11,1660086.23
PROP002801,2018-01-07,1374536.97
PROP000332,2018-10-23,1509753.2
PROP002369,2022-04-02,573424.82
PROP002560,2024-08-28,436462.97
PROP001389,2020-05-01,1059865.79
PROP000121,2019-04-19,351625.65
PROP000520,2021-12-29,339687.42
PROP000368,2018-03-11,1853086.28
PROP001736,2019-06-10,1891203.74
PROP002684,2022-06-20,1107576.56
PROP002660,2022-06-21,1990040.64
PROP000144,2023-04-16,1200000.35
PROP001673,2023-09-06,993159.88
PROP000752,2022-07-21,208622.28
PROP001167,2021-11-01,531168.98
PROP002771,2021-03-16,1982575.8
PROP001456,2023-07-30,958395.42
PROP001127,2023-04-11,1752074.04
PROP001546,2021-11-10,1843652.42
PROP000812,2018-05-11,1528126.34
PROP000250,2022-03-05,112330.24
PROP002622,2020-05-30,1417618.47
PROP002824,2023-06-09,1838435.28
PROP000432,2022-10-17,125308.85
PROP001286,2020-01-18,169392.62
PROP000102,2022-05-09,293206.49
PROP002947,2019-01-11,506492.81
PROP001529,2022-01-09,313004.46
PROP002090,2024-11-14,1624740.26
PROP002648,2018-11-17,1771994.75
PROP002987,2021-11-13,1384954.76
PROP001529,2021-06-29,166690.48
PROP001316,2024-01-06,491133.47
PROP000499,2018-06-25,1261821.63
PROP002530,2020-09-04,1073473.39
PROP001514,2024-06-07,1710886.43
PROP001800,2019-08-22,847833.46
PROP002130,2021-08-31,1522261.8
PROP001160,2020-11-15,756382.44
PROP001658,2021-06-12,1632118.7
PROP000193,2019-01-23,736482.19
PROP001134,2018-04-16,299682.5
PROP000327,2020-04-24,1954837.36
PROP001049,2021-12-14,201210.87
PROP000449,2024-01-23,686016.18
PROP000519,2020-01-15,423971.34
PROP002912,2022-02-10,1924779.85
PROP001724,2024-03-09,1685775.23
PROP002817,2018-07-24,1406479.23
PROP001061,2024-10-16,354837.8
PROP001368,2021-06-11,769834.34
PROP000937,2021-09-28,1259263.98
PROP002871,2018-08-06,423488.26
PROP001765,2021-03-30,334116.3
PROP002238,2019-12-08,1404679.21
PROP002100,2024-07-08,1036509.98
PROP002081,2020-08-10,306538.32
PROP001516,2023-09-26,1057374.59
PROP002869,2018-12-13,1845506.3
PROP001698,2018-01-27,126929.74
PROP002378,2022-03-19,879698.43
PROP000560,2018-01-05,947176.68
PROP001596,2022-11-29,1603534.97
PROP001767,2020-08-21,1519069.51
PROP000706,2024-12-11,631642.45
PROP000578,2024-07-02,475016.27
PROP000601,2018-03-18,782758.69
PROP002947,2023-07-27,679427.52
PROP002916,2019-03-31,1883886.28
PROP002746,2019-04-27,525867.81
PROP002989,2023-11-15,1642784.59
PROP000003,2021-01-20,112986.44
PROP001914,2020-08-06,479018.29
PROP002410,2020-10-04,395943.2
PROP000792,2020-10-01,1019092.18
PROP000843,2024-04-10,947242.23
PROP000991,2023-07-12,562944.59
PROP000222,2019-01-14,1852812.99
PROP001135,2021-10-20,1742469.07
PROP002789,2023-08-20,513501.5
PROP002839,2022-06-01,302547.19
PROP001273,2019-03-01,601769.66
PROP002151,2021-08-09,613709.01
PROP000283,2022-05-17,147020.9
PROP001370,2020-02-25,1169734.65
PROP000887,2018-12-18,1177824.29
PROP001760,2020-12-03,1217191.84
PROP000928,2024-02-29,508816.86
PROP002191,2021-11-16,1559758.5
PROP002298,2021-05-06,1396491.8
PROP002406,2021-02-01,247561.65
PROP000893,2024-09-08,206540.52
PROP001656,2023-06-11,115354.6
PROP001838,2020-10-01,1517135.08
PROP001497,2018-12-04,1734172.99
PROP002886,2022-09-24,363320.22
PROP002550,2020-10-30,1140197.56
PROP002529,2024-10-13,1091895.78
PROP001413,2019-03-19,1576252.21
PROP000845,2020-06-03,433440.73
PROP000829,2021-05-26,353209.93
PROP001852,2018-07-07,116346.97
PROP002279,2021-11-28,493935.75
PROP002795,2020-07-03,1273735.54
PROP000851,2024-10-06,1315706.08
PROP002510,2023-04-10,1768884.3
PROP001168,2018-06-08,385698.9
PROP001431,2020-04-15,154736.1
PROP001909,2023-07-10,1291823.26
PROP001878,2019-03-12,1856358.67
PROP002987,2021-05-24,1206688.45
PROP001081,2022-07-23,1488922.13
PROP001222,2018-05-29,1342639.91
PROP002659,2020-01-31,1934459.99
PROP001727,2022-05-20,1467261.21
PROP001620,2018-07-06,110895.12
PROP002657,2019-02-23,810625.77
PROP000335,2020-02-24,871884.8
PROP000876,2020-12-03,1019082.16
PROP002495,2024-01-21,1041792.19
PROP001008,2020-03-03,1566300.73
PROP000931,2022-11-14,1323472.82
PROP000908,2023-05-16,1445088.18
PROP000763,2020-04-29,348689.14
PROP000217,2024-08-14,160421.48
PROP002419,2023-10-22,559502.26
PROP001536,2024-11-15,1099403.56
PROP000981,2023-12-23,580028.78
PROP001826,2024-01-19,741847.83
PROP000023,2023-11-24,972472.33
PROP000840,2022-12-28,291586.7
PROP001520,2021-09-20,124415.37
PROP001099,2018-04-13,1134096.32
PROP001312,2018-05-28,1928828.87
PROP002088,2024-02-08,343810.54
PROP000425,2018-02-21,115725.71
PROP000975,2019-04-26,1703910.01
PROP000168,2020-03-18,192312.9
PROP002885,2024-12-22,686558.29
PROP002407,2018-08-22,456953.12
PROP001620,2018-03-27,1879513.79
PROP001750,2018-04-09,105979.54
PROP002736,2023-08-04,1764259.12
PROP001727,2018-10-23,1133026.97
PROP001888,2024-09-19,1077063.96
PROP001093,2021-02-17,1065597.03
PROP002987,2022-06-17,1790061.9
PROP002495,2021-04-27,405708.25
PROP002577,2022-03-22,1307119.6
PROP002509,2019-11-16,641580.86
PROP000210,2020-12-24,1663738.18
PROP001656,2018-11-26,1519217.57
PROP000144,2020-09-24,773993.68
PROP001514,2022-06-06,848721.42
PROP001566,2020-08-13,1917072.73
PROP000380,2020-11-24,1793756.57
PROP000637,2023-04-24,135030.68
PROP000721,2021-07-28,1227964.96
PROP002181,2020-10-01,1175050.57
PROP001080,2018-11-14,124680.12
PROP001887,2019-08-30,455578.12
PROP001786,2023-09-01,1704757.77
PROP002578,2023-09-12,784257.63
PROP000973,2024-03-18,1020900.81
PROP001605,2023-07-07,795315.15
PROP002987,2018-09-18,1299390.9
PROP002957,2019-08-28,1125319.72
PROP002883,2022-05-10,260723.33
PROP001575,2023-07-04,1224378.87
PROP002780,2020-11-13,1539359.54
PROP001093,2021-06-15,1653612.25
PROP000579,2018-04-09,996702.4
PROP002407,2024-04-25,1507707.46
PROP002966,2019-09-10,1655694.47
PROP000131,2022-04-26,418555.4
PROP000084,2022-09-17,1870608.2
PROP001384,2018-02-25,805961.49
PROP000903,2018-03-12,976132.58
PROP002402,2022-01-17,700541.13
PROP000082,2020-10-16,1964662.02
PROP001736,2018-11-12,746943.91
PROP002837,2018-09-05,1609013.01
PROP002070,2023-02-09,347804.63
PROP001279,2024-06-25,1299814.8
PROP000795,2022-08-29,856592.02
PROP000583,2022-06-04,1984906.0
PROP001796,2024-07-22,1851217.96
PROP001971,2020-04-14,427440.5
PROP000103,2023-12-18,1314246.67
PROP000271,2023-06-05,1181888.6
PROP001306,2023-01-15,999843.46
PROP000487,2021-04-06,1641395.94
PROP001159,2024-06-09,1726563.49
PROP001247,2020-05-27,1759243.1
PROP000873,2024-03-29,1274680.16
PROP000553,2020-02-17,504276.4
PROP002557,2021-11-16,1312622.7
PROP001202,2018-10-25,905143.87
PROP000871,2021-03-14,1081905.29
PROP002145,2020-05-10,365061.86
PROP002320,2019-01-06,132999.25
PROP001801,2019-10-29,978017.72
PROP002700,2023-10-30,62813.77
PROP000736,2023-01-05,1851850.96
PROP002026,2023-08-22,765833.63
PROP001424,2022-03-09,1232448.25
PROP002026,2023-12-01,1773790.72
PROP000033,2024-08-25,1356035.98
PROP001656,2024-12-23,1429933.15
PROP002372,2024-05-22,210186.49
PROP001684,2022-02-22,644987.1
PROP000524,2024-03-07,1728825.71
PROP000599,2018-02-09,1717685.54
PROP000502,2021-11-29,1542234.05
PROP002612,2019-09-14,1148694.0
PROP000106,2024-08-24,712090.42
PROP001187,2019-07-19,506207.27
PROP002756,2022-11-15,1779587.08
PROP002357,2023-11-02,1692465.36
PROP002528,2021-06-09,1373329.64
PROP000993,2018-01-23,1081854.52
PROP000041,2022-09-06,1634739.28
PROP000098,2018-10-07,456109.26
PROP000427,2019-02-18,100921.74
PROP000950,2019-07-14,1900863.94
PROP001907,2019-06-01,263490.96
PROP000158,2018-08-09,640369.93
PROP001172,2021-01-26,1985429.24
PROP000649,2022-08-10,508843.15
PROP001036,2021-06-19,606694.16
PROP000153,2020-10-29,1584124.41
PROP002878,2024-02-15,654666.17
PROP000313,2024-06-23,658061.72
PROP001751,2020-03-17,717290.1
PROP001817,2022-06-21,1750447.54
PROP000805,2018-08-05,88823.05
PROP002833,2023-11-06,104383.23
PROP002501,2018-02-02,148719.45
PROP000716,2023-10-23,1682169.35
PROP001912,2024-07-22,1410089.17
PROP002941,2018-03-06,294916.49
PROP002669,2021-11-12,775899.59
PROP002485,2023-02-14,973280.84
PROP000199,2019-03-13,915597.92
PROP002472,2021-12-07,1585296.78
PROP001105,2021-12-09,1462421.35
PROP001105,2021-02-25,1237554.35
PROP002512,2024-03-17,69351.35
PROP000993,2019-11-13,1332207.78
PROP001282,2020-05-30,124245.76
PROP001827,2019-10-07,516442.24
PROP000707,2018-05-01,69408.83
PROP001213,2022-06-25,1860360.94
PROP001895,2020-08-23,1473797.39
PROP000093,2019-03-07,872630.51
PROP001726,2020-07-17,1872645.32
PROP001134,2021-05-15,1599756.81
PROP000197,2020-05-15,719884.38
PROP001997,2020-10-02,1129786.47
PROP002606,2021-08-27,730652.66
PROP000397,2022-06-26,885438.64
PROP002206,2018-05-18,1899256.1
PROP000470,2019-05-02,1754105.61
PROP001476,2020-06-09,1929921.61
PROP000400,2022-06-16,1910276.91
PROP000656,2019-08-18,809909.8
PROP000120,2020-12-30,163116.26
PROP001349,2024-05-04,220592.52
PROP000238,2022-11-03,459874.96
PROP001649,2020-09-09,1718805.67
PROP002927,2019-06-29,1192417.05
PROP002224,2021-09-29,1406300.9
PROP000555,2023-04-02,1469115.92
PROP002135,2021-11-27,1826469.85
PROP001382,2024-07-09,1219515.23
PROP002833,2018-11-09,661202.8
PROP002006,2024-06-11,1263204.24
PROP002769,2023-10-04,1128494.44
PROP001117,2024-01-24,1357937.48
PROP000673,2024-07-08,1777054.56
PROP000964,2022-07-08,1696800.28
PROP000770,2022-12-16,122324.49
PROP000071,2024-05-23,1847212.99
PROP000941,2022-03-12,327436.09
PROP000631,2024-03-31,1646279.15
PROP002565,2024-02-29,320660.04
PROP001557,2018-11-21,1593256.3
PROP002882,2022-07-17,665009.17
PROP001253,2023-11-30,1485230.05
PROP001417,2019-02-09,203402.87
PROP002042,2021-07-09,620108.36
PROP002797,2023-09-24,74494.07
PROP000156,2018-08-21,1097607.51
PROP000950,2023-04-25,273930.72
PROP002896,2022-04-12,274455.1
PROP000900,2021-03-18,552266.11
PROP000212,2024-01-19,581197.19
PROP000719,2018-06-26,321634.96
PROP001334,2022-04-01,57744.64
PROP002594,2022-02-07,1287349.86
PROP001042,2022-06-25,802154.02
PROP001107,2021-06-24,291749.73
PROP001341,2020-01-19,987363.65
PROP002523,2020-11-13,576184.56
PROP001340,2021-07-20,328696.25
PROP000031,2021-12-08,1606449.8
PROP002853,2021-04-19,1267596.48
PROP002387,2021-07-03,519112.98
PROP001856,2022-03-23,652077.68
PROP000650,2019-08-09,125564.8
PROP001362,2021-11-18,1394991.95
PROP000289,2024-05-25,1680495.78
PROP000346,2020-10-03,801344.39
PROP001303,2019-03-28,1531884.37
PROP000163,2023-06-24,1165698.51
PROP002630,2019-02-24,1159441.76
PROP002802,2018-09-18,1881310.47
PROP002616,2022-12-19,1077652.94
PROP002611,2023-02-18,1067805.93
PROP002532,2018-12-04,321267.03
PROP001459,2020-12-19,1744059.69
PROP000290,2023-08-04,136402.08
PROP001329,2018-01-07,503172.25
PROP002541,2020-07-10,1021524.98
PROP002330,2018-04-30,1898209.35
PROP002102,2024-10-09,882181.45
PROP000315,2024-03-31,347670.33
PROP002909,2022-12-05,660679.35
PROP002369,2018-07-19,1093249.32
PROP001277,2020-08-09,166197.2
PROP002242,2023-09-03,589160.07
PROP001310,2020-08-09,1293425.79
PROP001610,2021-06-24,775533.38
PROP000484,2018-08-20,1571355.23
PROP000476,2020-04-18,1281549.88
PROP001501,2022-04-05,1182202.27
PROP002834,2018-05-07,1681908.77
PROP000901,2021-07-02,1783190.9
PROP000734,2023-05-26,697031.55
PROP002433,2022-06-06,372044.69
PROP002698,2021-09-24,758690.73
PROP001549,2021-07-29,555201.85
PROP001269,2019-03-19,1791722.26
PROP000378,2024-01-05,881906.55
PROP000620,2020-10-29,1960424.38
PROP000359,2024-05-13,433806.43
PROP000176,2024-07-12,1864677.21
PROP001001,2023-07-07,1019625.09
PROP002369,2021-10-31,1329526.58
PROP001275,2024-04-03,1581694.11
PROP001684,2020-01-27,1978609.05
PROP000570,2021-07-29,413146.59
PROP000865,2021-10-11,1188388.51
PROP002506,2019-01-01,518144.17
PROP001278,2019-05-19,466333.5
PROP002092,2020-06-12,1187757.92
PROP002991,2024-06-26,116175.61
PROP002274,2022-07-11,893274.29
PROP001854,2019-01-17,927015.38
PROP001391,2020-02-26,1242104.55
PROP000860,2024-06-09,150611.06
PROP001160,2020-09-14,349927.68
PROP002087,2020-04-16,338097.71
PROP001677,2019-03-15,1281784.63
PROP001025,2018-06-30,351095.32
PROP000038,2021-10-01,119132.58
PROP002327,2018-09-11,586491.57
PROP002802,2018-03-28,1099076.17
PROP002974,2023-02-26,809428.88
PROP002927,2023-06-12,774314.91
PROP001794,2021-06-23,1678511.78
PROP000647,2020-01-28,1760417.49
PROP002918,2024-01-22,425220.41
PROP000595,2024-03-06,55818.6
PROP000374,2018-01-04,830913.97
PROP000459,2024-09-12,813333.75
PROP001142,2018-05-19,389846.75
PROP000552,2019-09-10,152112.23
PROP002059,2024-03-20,1715242.14
PROP002003,2018-06-21,1742644.57
PROP000545,2023-04-14,1825346.78
PROP002232,2022-10-29,1029282.7
PROP001902,2018-09-04,1169348.02
PROP001547,2021-01-06,888339.96
PROP001818,2018-07-29,665432.2
PROP001822,2022-11-11,755579.7
PROP002137,2019-09-13,1812355.06
PROP002515,2018-12-04,257958.86
PROP001042,2022-10-20,821707.15
PROP002628,2018-09-16,1133702.89
PROP000055,2022-09-26,1122996.69
PROP001568,2019-10-26,1715113.96
PROP000357,2023-07-20,1868101.03
PROP000855,2018-10-04,915798.67
PROP000777,2022-08-14,585445.77
PROP001319,2018-01-29,945323.4
PROP001722,2024-04-23,1195823.5
PROP002313,2018-06-26,676241.59
PROP002629,2019-08-11,1106499.29
PROP001798,2021-02-27,1356263.22
PROP000346,2023-06-08,792667.83
PROP002504,2024-03-22,300342.08
PROP002662,2019-07-12,1336403.48
PROP002320,2019-05-26,1254383.1
PROP001775,2024-06-27,1307383.71
PROP000123,2023-01-25,1227707.43
PROP001854,2023-10-23,1444589.36
PROP001600,2020-11-19,1955976.15
PROP002268,2024-09-20,706177.24
PROP001923,2022-10-21,1973731.08
PROP001404,2021-10-15,1950569.04
PROP001731,2024-11-01,347620.6
PROP002492,2023-10-06,685537.94
PROP002797,2021-02-23,1662128.11
PROP002995,2021-03-11,527465.67
PROP001669,2018-08-20,1027043.65
PROP001000,2024-06-30,546017.71
PROP002907,2020-10-10,1298089.48
PROP000064,2024-09-10,256316.31
PROP000396,2024-11-07,457268.42
PROP002567,2021-01-06,1737081.55
PROP002231,2021-07-22,699510.4
PROP001966,2020-11-19,315815.26
PROP002582,2019-12-19,1104877.35
PROP002039,2022-10-13,1717135.35
PROP000613,2024-12-20,1895396.8
PROP001362,2018-06-22,426321.09
PROP000651,2024-09-17,1907343.7
PROP001920,2023-08-04,554199.24
PROP001264,2018-08-27,681269.37
PROP001392,2018-05-24,1095043.24
PROP000683,2024-11-18,700354.47
PROP000111,2018-03-18,1236768.53
PROP001180,2022-06-07,229694.03
PROP000064,2019-08-23,1963509.37
PROP000594,2019-07-22,658223.1
PROP000826,2023-12-15,1559281.92
PROP000994,2022-01-20,1885019.63
PROP001830,2024-10-22,333446.91
PROP001479,2024-12-30,1600158.03
PROP000650,2023-07-22,538680.57
PROP001312,2018-07-30,1147332.64
PROP001987,2018-01-19,1424341.79
PROP001956,2019-07-04,1665272.02
PROP000261,2024-05-28,1973220.67
PROP001879,2021-07-03,950328.38
PROP002973,2024-05-26,467055.92
PROP001510,2024-09-02,469664.25
PROP000933,2022-10-14,437077.76
PROP000336,2018-03-11,518853.25
PROP000135,2021-10-31,1952964.81
PROP002460,2022-06-29,184181.47
PROP001459,2018-08-13,606916.63
PROP002747,2023-10-03,172868.75
PROP000497,2020-08-03,583343.29
PROP001046,2019-01-27,1791592.97
PROP000440,2024-04-13,1687720.71
PROP000891,2022-09-09,1624446.08
PROP000861,2024-10-21,770944.5
PROP000701,2019-12-09,310284.45
PROP000592,2023-01-05,1692077.59
PROP000152,2024-11-23,1394034.04
PROP001012,2022-05-09,1656493.61
PROP000600,2021-05-21,1164244.07
PROP002560,2022-09-29,1506605.92
PROP000379,2019-01-10,934567.92
PROP001189,2022-11-06,1979395.35
PROP002172,2023-10-16,995752.65
PROP002049,2019-03-04,822890.52
PROP002516,2022-03-16,464948.13
PROP002538,2018-05-12,1304121.22
PROP002683,2023-11-18,1142017.82
PROP002998,2019-02-19,1810447.8
PROP002696,2020-12-23,220441.03
PROP002608,2020-11-02,1778963.21
PROP002917,2018-04-27,338136.33
PROP001854,2018-08-12,207416.78
PROP001523,2021-12-21,142279.22
PROP001127,2020-12-30,1124133.55
PROP001171,2019-10-02,715290.21
PROP002831,2020-10-26,98542.49
PROP001238,2021-07-19,1376932.27
PROP002186,2023-03-13,1142713.86
PROP001397,2020-02-06,1433566.82
PROP000963,2024-04-27,273076.73
PROP000893,2022-04-21,278070.11
PROP000831,2023-01-17,1861403.63
PROP000940,2024-06-15,1775888.41
PROP002953,2018-02-24,1378623.77
PROP002190,2021-01-06,1304350.88
PROP000126,2020-09-14,685186.13
PROP000271,2020-07-14,1851055.49
PROP000447,2021-06-10,1735603.03
PROP002766,2023-07-31,464378.96
PROP000839,2020-12-02,259950.41
PROP001767,2024-05-19,1494603.44
PROP002298,2020-02-11,1741663.23
PROP000747,2022-09-14,315755.1
PROP002247,2024-04-09,165801.49
PROP000047,2020-11-14,259858.86
PROP000452,2018-12-18,896127.37
PROP002411,2021-03-09,1112301.52
PROP001338,2018-05-26,250650.87
PROP000950,2022-02-13,733471.57
PROP001089,2023-06-15,1588224.68
PROP000922,2020-03-30,1058775.35
PROP000522,2024-10-13,730813.36
PROP000750,2018-08-17,241462.93
PROP000048,2021-09-28,959232.88
PROP000601,2022-04-13,1795693.83
PROP000977,2021-01-19,522295.67
PROP001141,2024-04-13,412642.34
PROP002645,2023-12-23,1496572.45
PROP001928,2024-11-08,1520218.16
PROP001648,2023-09-07,1703148.93
PROP000595,2019-06-19,1811698.12
PROP000028,2023-04-21,1228418.86
PROP001759,2018-12-06,698386.34
PROP002340,2019-08-05,54795.67
PROP001678,2018-09-18,1184358.61
PROP001834,2024-06-21,1587325.85
PROP000455,2022-10-25,489478.35
PROP002714,2020-05-20,829534.13
PROP000916,2022-09-18,476073.6
PROP002833,2023-04-22,794840.7
PROP002549,2023-06-10,540501.15
PROP001406,2020-07-15,1119153.43
PROP002575,2018-01-17,1723939.55
PROP000070,2021-10-14,295129.42
PROP002607,2024-12-20,714675.24
PROP002100,2024-04-04,979115.12
PROP001721,2024-03-09,524239.65
PROP001699,2021-08-06,260996.05
PROP000692,2024-11-24,471727.59
PROP000019,2021-04-17,1991986.8
PROP001226,2018-10-09,1272430.64
PROP000852,2024-01-21,1468549.96
PROP002180,2023-08-19,249480.94
PROP002316,2018-08-18,1252578.55
PROP002451,2022-03-31,1653384.05
PROP001373,2018-07-08,948018.93
PROP000244,2018-04-06,325537.13
PROP001578,2023-09-07,178384.44
PROP001082,2021-01-09,791792.92
PROP001008,2024-10-24,95566.48
PROP000572,2018-12-14,492843.79
PROP000225,2018-01-28,697251.25
PROP000736,2022-11-11,80730.51
PROP000985,2023-03-16,684660.21
PROP000850,2019-10-02,1851472.51
PROP002948,2024-01-14,1016114.3
PROP001225,2022-10-16,71853.46
PROP001847,2023-08-07,365682.39
PROP002308,2022-11-27,1901742.34
PROP001243,2022-06-09,175742.59
PROP000031,2022-12-26,978754.48
PROP000685,2023-08-04,633284.46
PROP002025,2020-01-14,554901.77
PROP002040,2024-03-20,501221.82
PROP000783,2023-03-03,1114219.93
PROP000447,2018-10-09,388335.89
PROP001640,2019-04-03,1685780.58
PROP000088,2023-03-28,133866.59
PROP001107,2022-12-22,1105125.8
PROP001568,2023-10-07,1591976.49
PROP000048,2020-09-13,426562.25
PROP001737,2022-07-06,650887.23
PROP000761,2024-11-03,1789607.07
PROP001629,2018-02-11,327440.31
PROP001827,2023-01-22,1011056.48
PROP001833,2021-12-21,1098085.61
PROP000080,2023-02-24,1316089.1
PROP000689,2022-11-11,1313329.9
PROP002102,2022-03-21,865896.81
PROP002078,2021-06-10,401375.24
PROP002891,2018-11-13,1542686.24
PROP001603,2019-11-05,884520.19
PROP002286,2022-06-25,700539.55
PROP000696,2024-10-22,65018.55
PROP000289,2020-06-03,384929.01
PROP000983,2018-05-21,479120.21
PROP001579,2023-10-27,974917.54
PROP002249,2021-04-24,168619.07
PROP002196,2018-07-31,559110.46
PROP000638,2021-03-27,438069.27
PROP001703,2022-02-23,1284817.16
PROP002378,2024-09-21,679751.37
PROP001539,2022-05-11,1035781.97
PROP001272,2021-04-03,1261151.58
PROP001223,2024-04-25,162743.64
PROP002744,2021-10-14,768042.93
PROP002198,2024-08-20,289811.3
PROP001308,2019-06-08,857746.13
PROP001903,2023-06-11,784140.28
PROP002272,2024-04-20,977134.26
PROP002683,2019-08-30,1787540.38
PROP002976,2019-11-05,277080.73
PROP002342,2022-09-29,778894.29
PROP002183,2018-10-01,551285.1
PROP000892,2018-12-17,696292.19
PROP002168,2020-09-11,306029.55
PROP001872,2018-02-04,1743451.63
PROP002163,2020-01-21,1474431.0
PROP002772,2021-01-06,791929.22
PROP001202,2020-01-14,551013.91
PROP002301,2023-10-06,1955933.48
PROP000648,2022-06-27,94033.17
PROP002268,2022-07-21,108475.38
PROP000533,2019-10-15,1797802.99
PROP002401,2019-03-02,1300231.22
PROP000338,2021-03-04,132932.09
PROP000772,2024-04-04,1463122.76
PROP001276,2020-01-11,744979.79
PROP000292,2020-05-31,1121557.71
PROP000847,2023-05-18,947604.25
PROP000433,2018-05-24,213733.51
PROP002726,2020-12-20,294599.28
PROP001570,2022-10-14,1740515.7
PROP000728,2018-06-02,1917730.18
PROP001938,2020-08-09,345011.5
PROP000983,2024-11-04,1894541.46
PROP002599,2020-11-25,1392708.63
PROP002019,2023-12-31,732599.11
PROP000115,2024-02-27,1770072.68
PROP001748,2022-05-27,659082.13
PROP000464,2022-04-28,1249372.9
PROP001089,2019-07-02,981402.56
PROP001930,2023-03-04,987966.52
PROP002496,2020-12-22,1602906.96
PROP001499,2020-03-03,401073.61
PROP000547,2019-02-22,340881.8
PROP002711,2018-06-15,1973878.74
PROP001561,2018-08-13,1383899.27
PROP002149,2024-07-04,408744.73
PROP000568,2018-08-13,1920212.24
PROP000795,2022-10-25,1966084.0
PROP002752,2023-02-20,768063.76
PROP000774,2020-02-19,676827.08
PROP002047,2022-10-31,902744.89
PROP000040,2023-11-19,1112746.67
PROP001114,2022-06-17,445200.83
PROP001869,2020-10-27,1455992.91
PROP000292,2022-06-29,757223.97
PROP001797,2020-07-17,1024394.62
PROP002621,2022-04-21,133331.89
PROP000731,2022-01-14,445726.07
PROP000412,2018-09-25,929739.69
PROP000630,2024-08-04,752599.21
PROP002120,2020-10-24,1555410.41
PROP002377,2018-01-15,555171.1
PROP002256,2019-07-09,1979291.54
PROP000296,2021-11-28,1015471.97
PROP001243,2021-03-22,647987.09
PROP001032,2020-04-04,1216763.74
PROP001024,2019-11-20,869826.93
PROP002305,2018-10-04,248591.55
PROP002523,2022-03-02,177388.32
PROP002707,2023-12-11,548946.75
PROP002343,2019-03-20,248697.98
PROP000984,2022-01-05,1528763.12
PROP001448,2018-08-25,441941.29
PROP000124,2023-01-29,720824.22
PROP002385,2023-06-11,1698808.55
PROP002161,2019-04-21,617472.79
PROP000022,2024-05-14,404602.63
PROP001103,2018-02-24,1377980.8
PROP001158,2023-03-07,521737.68
PROP002740,2022-01-11,501813.37
PROP001991,2021-11-18,1227971.46
PROP000606,2023-02-25,1247238.15
PROP002081,2023-07-24,862847.73
PROP001083,2021-03-31,1800675.64
PROP002783,2019-11-24,228331.23
PROP000101,2023-04-14,1075573.06
PROP001931,2020-01-29,255840.79
PROP000554,2021-08-06,861993.02
PROP000575,2019-04-24,979899.27
PROP000040,2024-06-26,1153486.11
PROP002197,2018-03-18,1874363.61
PROP000501,2023-07-24,1090711.01
PROP000185,2018-03-29,344621.61
PROP000838,2020-07-05,219366.21
PROP002448,2020-05-23,1929775.24
PROP000839,2024-09-15,487425.64
PROP001740,2022-04-20,1190504.31
PROP002998,2018-07-30,228751.31
PROP002790,2024-02-26,1807752.9
PROP002295,2018-02-25,1225031.82
PROP002557,2022-02-11,704168.11
PROP002657,2021-06-20,1005395.2
PROP001520,2018-01-20,1657562.55
PROP001237,2020-12-13,1910268.67
PROP000081,2023-07-04,1416827.55
PROP002961,2018-01-06,1533295.95
PROP000192,2023-01-04,346027.67
PROP001540,2018-07-25,584253.11
PROP000059,2020-08-27,1689919.43
PROP002602,2019-08-23,436413.59
PROP002934,2024-10-08,1497733.84
PROP002072,2019-09-06,856709.0
PROP000387,2023-02-25,108928.56
PROP001027,2023-08-10,1839239.76
PROP001071,2024-03-26,824288.51
PROP002756,2022-06-28,1332666.82
PROP002417,2021-08-17,1871439.3
PROP002872,2022-03-29,1875587.65
PROP000919,2023-01-28,403317.52
PROP001612,2024-01-09,124601.52
PROP001095,2020-12-28,1317480.95
PROP002393,2022-12-27,794642.14
PROP000050,2022-07-09,551657.51
PROP002345,2019-02-22,915388.22
PROP000894,2018-05-07,1610040.5
PROP000385,2019-04-19,471467.7
PROP002341,2020-03-20,1223317.97
PROP001032,2023-03-27,459379.78
PROP000704,2018-07-20,305254.82
PROP001569,2022-10-22,182623.63
PROP001379,2021-10-08,719851.4
PROP001837,2019-07-17,579055.98
PROP000067,2021-05-07,562467.62
PROP000736,2020-07-08,1748351.82
PROP001829,2020-01-06,1613141.99
PROP000096,2024-02-01,1299034.08
PROP002335,2022-07-01,1372520.6
PROP002215,2024-01-26,1393309.26
PROP000793,2022-05-03,962255.87
PROP002201,2023-03-27,1747813.13
PROP001511,2021-10-08,904934.21
PROP002093,2024-01-21,1839524.74
PROP002175,2018-05-12,1168975.32
PROP001426,2021-08-27,721340.07
PROP002025,2023-11-19,1532357.9
PROP000068,2022-01-01,844297.95
PROP000117,2024-12-10,500270.08
PROP002178,2020-02-17,267639.82
PROP000978,2020-04-23,1008977.61
PROP001889,2022-03-02,487979.47
PROP000267,2018-01-15,961500.8
PROP002338,2020-04-22,1440403.94
PROP000417,2018-02-25,481533.22
PROP000309,2018-07-05,696840.3
PROP000231,2018-06-14,65373.18
PROP000463,2019-05-20,1797625.69
PROP000666,2019-04-03,879888.11
PROP002521,2022-01-24,994847.5
PROP000378,2019-05-21,1997404.1
PROP002154,2020-12-21,1162164.81
PROP002607,2019-06-15,1400286.75
PROP001561,2021-07-24,1143192.86
PROP002799,2024-05-15,1821500.78
PROP001741,2019-06-25,843800.68
PROP000487,2019-08-30,1139357.08
PROP001738,2022-03-04,514439.13
PROP002096,2019-11-28,468806.21
PROP001626,2022-11-17,1060497.78
PROP001271,2023-07-19,1383438.89
PROP001239,2021-02-27,594418.53
PROP001919,2020-02-29,267230.73
PROP001333,2023-01-28,517276.46
PROP000521,2022-11-07,349509.93
PROP001079,2023-10-30,1902226.94
PROP000227,2023-07-18,1123855.61
PROP002359,2021-09-16,825910.6
PROP002985,2019-02-04,1287153.87
PROP001916,2022-06-15,1719662.21
PROP001572,2024-11-25,1498477.83
PROP002437,2021-10-27,1838635.34
PROP000307,2018-11-21,1330622.31
PROP001104,2023-06-12,513584.79
PROP000404,2023-02-09,304712.95
PROP000186,2018-01-27,1720677.52
PROP001608,2023-08-30,452671.98
PROP002982,2020-10-17,259636.54
PROP002811,2024-11-11,337947.09
PROP000637,2019-04-07,1675175.69
PROP000714,2022-05-20,770709.84
PROP000861,2019-04-23,365249.47
PROP001272,2022-12-23,1823515.73
PROP001637,2024-06-12,1904989.3
PROP001796,2019-02-13,1890264.67
PROP001472,2021-11-19,327255.63
PROP000967,2021-03-10,1572161.44
PROP000512,2018-05-02,1599456.93
PROP002525,2018-09-26,432164.17
PROP000636,2019-09-19,1049308.34
PROP002391,2018-01-26,262713.56
PROP002130,2020-09-28,539582.0
PROP000924,2024-06-09,413385.24
PROP002125,2019-05-20,741533.95
PROP001005,2022-06-08,213703.05
PROP001990,2022-06-05,1395881.56
PROP001636,2018-01-22,1220154.15
PROP001400,2019-12-26,1157927.07
PROP002890,2020-11-16,183025.7
PROP001318,2021-02-02,442877.06
PROP000441,2018-05-14,1431244.98
PROP001260,2022-10-12,637875.82
PROP002493,2024-10-31,265165.82
PROP002973,2020-06-12,721825.15
PROP002795,2018-04-15,1567258.61
PROP000704,2018-01-14,80450.24
PROP000021,2018-01-01,719731.85
PROP002027,2018-09-13,1839474.75
PROP001588,2023-03-23,1319598.59
PROP000755,2021-05-03,1303063.13
PROP001671,2021-06-27,138819.81
PROP001461,2021-04-18,770001.48
PROP000756,2023-06-28,876141.69
PROP002369,2021-02-03,274892.53
PROP002676,2021-05-22,407586.57
PROP002370,2023-10-02,124887.02
PROP001582,2022-09-28,352521.69
PROP002411,2021-02-13,604350.87
PROP001276,2018-10-12,76816.41
PROP001944,2022-09-23,1258306.06
PROP001492,2023-07-13,610671.43
PROP001311,2020-10-08,1717869.66
PROP001944,2024-05-20,631835.03
PROP002765,2020-09-14,633658.42
PROP002034,2024-12-16,725515.54
PROP002046,2024-08-12,1880049.86
PROP000552,2023-01-15,1685253.12
PROP002107,2019-05-26,507173.17
PROP001784,2022-10-27,196311.13
PROP001074,2021-09-25,1296379.83
PROP001594,2019-01-06,308481.44
PROP002579,2019-12-09,715235.6
PROP000401,2018-09-12,659049.19
PROP002997,2022-06-29,1074532.41
PROP000957,2024-10-15,566975.6
PROP000991,2022-06-21,736527.11
PROP002744,2021-02-07,1175719.1
PROP002499,2020-10-16,1752087.21
PROP000196,2022-10-24,1634330.06
PROP000656,2021-12-03,580193.23
PROP002424,2021-06-06,1689950.48
PROP000666,2020-10-30,1660843.12
PROP002890,2023-08-23,59391.14
PROP001437,2020-12-26,883286.49
PROP000841,2021-04-18,1190062.37
PROP002643,2020-12-26,851887.78
PROP002969,2020-12-06,372501.88
PROP000903,2023-04-24,223997.33
PROP000577,2023-08-11,880415.31
PROP002705,2018-04-23,228320.68
PROP002907,2024-07-09,1274414.63
PROP001897,2020-02-09,1652368.67
PROP000104,2019-08-22,1734240.28
PROP001267,2020-01-18,1884857.57
PROP002387,2019-08-16,967511.84
PROP001587,2020-03-07,960116.26
PROP001563,2024-10-13,1596106.35
PROP000007,2023-03-12,711550.35
PROP002180,2019-08-24,578364.41
PROP000422,2019-10-13,1707291.03
PROP001779,2021-01-18,1356991.03
PROP000395,2021-09-28,1632532.41
PROP002220,2018-03-06,1483919.25
PROP000405,2021-04-01,1865681.39
PROP000279,2020-08-14,1055835.31
PROP002794,2020-04-22,1158758.89
PROP000780,2018-01-11,950088.83
PROP000934,2023-10-24,637433.04
PROP001959,2021-11-02,1494907.32
PROP000763,2023-12-19,336442.65
PROP000696,2023-05-05,636491.7
PROP002499,2022-12-10,1008407.96
PROP001539,2023-09-12,415109.51
PROP000813,2023-02-05,309450.76
PROP001850,2024-01-18,190469.05
PROP000712,2023-07-03,997479.49
PROP002351,2021-02-23,723406.13
PROP001191,2018-11-16,94051.1
PROP002021,2019-01-20,726734.3
PROP001926,2023-09-28,1553070.82
PROP000761,2020-12-20,831204.74
PROP000421,2023-05-17,973329.36
PROP000514,2019-02-18,787755.31
PROP001074,2021-12-20,1721475.77
PROP000071,2021-09-08,1936837.41
PROP001164,2023-11-22,1548603.71
PROP000041,2018-10-30,938807.84
PROP000754,2024-12-20,724878.48
PROP002754,2023-03-19,180322.09
PROP000152,2024-10-03,681386.88
PROP001040,2020-06-24,1845034.75
PROP000023,2019-06-03,1218142.36
PROP000195,2018-03-18,202936.49
PROP002376,2020-03-01,1905776.59
PROP001534,2024-06-02,1093116.95
PROP000822,2020-01-10,1989301.58
PROP002054,2018-09-05,479986.65
PROP000819,2021-03-28,347581.86
PROP000462,2019-03-13,838314.24
PROP001485,2021-06-09,1229314.35
PROP002419,2019-10-21,274388.63
PROP001268,2022-09-13,1871175.39
PROP000712,2019-01-21,1911111.47
PROP000054,2024-02-19,1409137.87
PROP000050,2019-01-27,149671.15
PROP000190,2024-02-05,940562.5
PROP001423,2021-10-29,687794.79
PROP001380,2022-08-29,137559.16
PROP001431,2018-08-18,1822338.3
PROP002715,2018-12-11,106288.1
PROP001942,2023-10-13,879106.15
PROP000919,2018-11-07,1534788.14
PROP000284,2022-03-16,296631.96
PROP000479,2024-12-06,1399545.0
PROP000126,2023-07-21,705718.38
PROP000307,2023-12-19,1161318.13
PROP001087,2024-05-29,386547.19
PROP001974,2024-08-19,1064482.09
PROP001155,2021-04-09,113802.01
PROP001587,2019-04-08,688228.62
PROP000809,2022-10-02,1235725.99
PROP001531,2022-07-15,571167.52
PROP001413,2024-07-07,175354.8
PROP000629,2024-11-05,1119297.32
PROP000266,2018-10-22,671026.01
PROP001640,2023-06-26,890068.8
PROP000867,2022-09-15,664946.66
PROP002902,2022-11-18,1050242.54
PROP001081,2018-01-15,1626913.58
PROP002206,2024-06-24,362151.44
PROP001004,2020-12-18,1131802.62
PROP000236,2023-12-08,1530772.47
PROP002732,2020-10-19,1963891.4
PROP000496,2024-08-27,1917455.43
PROP000756,2023-04-02,487021.77
PROP002365,2024-03-09,1111494.54
PROP001265,2022-11-11,1169461.43
PROP002756,2024-02-02,1221039.72
PROP002086,2021-09-25,1868859.51
PROP001492,2019-09-18,481699.22
PROP002800,2023-04-17,1786151.75
PROP001192,2021-12-05,205866.31
PROP001990,2020-04-29,1370126.59
PROP001770,2018-07-10,667285.12
PROP000486,2022-11-19,1209874.69
PROP000013,2024-12-24,486502.11
PROP000841,2023-05-22,1584774.79
PROP000227,2018-11-10,1805869.5
PROP001833,2020-06-22,1453269.71
PROP001414,2020-06-09,88481.33
PROP002552,2018-04-15,1345835.74
PROP002319,2018-08-24,664113.37
PROP002690,2023-12-24,327653.9
PROP000931,2020-01-31,541085.74
PROP001321,2022-06-04,1002463.8
PROP001922,2019-02-06,218769.79
PROP001450,2018-01-17,1303673.54
PROP002508,2021-09-24,501074.95
PROP002171,2023-02-15,192943.83
PROP001347,2022-06-17,1840271.09
PROP000089,2022-03-17,1737435.62
PROP000714,2021-03-08,1156108.17
PROP002497,2018-12-23,1658815.33
PROP001753,2020-01-14,100215.83
PROP001205,2023-10-18,276400.15
PROP000127,2024-02-21,886565.09
PROP002166,2019-06-17,1365239.44
PROP000087,2021-08-08,1238407.89
PROP002950,2024-01-13,917774.13
PROP001002,2022-05-27,309837.75
PROP001277,2022-03-15,1536036.02
PROP000833,2020-03-22,1437339.85
PROP002168,2018-07-25,547653.24
PROP000041,2023-09-19,121795.2
PROP001360,2020-08-03,642674.89
PROP001550,2020-08-10,1397806.41
PROP002752,2023-11-06,1565554.52
PROP002413,2019-03-12,980195.37
PROP001569,2022-11-20,1548540.01
PROP000471,2023-05-10,1858805.25
PROP000578,2018-04-20,1037777.65
PROP000161,2019-08-03,776804.82
PROP000844,2019-08-19,634268.77
PROP002637,2019-02-02,1347801.45
PROP000895,2023-04-04,719003.95
PROP001465,2021-12-29,898889.13
PROP001327,2024-03-07,917592.66
PROP002495,2021-05-06,1141295.21
PROP001779,2022-12-01,1048112.64
PROP002053,2019-09-14,1553564.2
PROP000911,2020-06-22,1459505.2
PROP000220,2023-06-28,255588.77
PROP001242,2023-10-21,604098.1
PROP000834,2021-10-05,1148233.2
PROP001536,2021-03-17,861597.63
PROP002453,2019-07-13,1170478.22
PROP001141,2022-05-25,1423226.09
PROP002585,2020-03-04,1021498.06
PROP001445,2023-04-06,1999219.12
PROP001118,2021-05-14,715488.47
PROP001850,2023-11-06,1417733.3
PROP000755,2024-04-10,1894611.1
PROP002447,2019-05-11,1726753.76
PROP001875,2023-06-29,1882336.68
PROP000288,2020-06-27,533987.97
PROP001396,2021-11-11,916463.54
PROP000406,2023-02-24,1767387.59
PROP000728,2018-03-04,1265184.47
PROP000581,2018-07-05,1294353.53
PROP000212,2024-06-18,448244.98
PROP001523,2018-10-08,361543.51
PROP001427,2022-01-16,1410362.69
PROP001127,2023-12-19,639224.92
PROP002740,2022-02-25,686291.47
PROP000808,2021-07-13,661861.03
PROP000090,2024-04-02,1907247.53
PROP002622,2019-12-09,1040062.11
PROP002254,2021-12-17,1683584.44
PROP001431,2022-12-11,1347521.22
PROP001906,2023-02-15,371096.83
PROP000361,2022-03-27,244091.79
PROP001789,2018-03-11,543763.7
PROP001823,2024-11-02,1361894.0
PROP002493,2022-06-18,363015.57
PROP001259,2022-07-18,655914.74
PROP000519,2018-11-16,173372.24
PROP002465,2018-12-19,312279.22
PROP001174,2019-10-28,1591308.78
PROP002054,2020-08-01,868575.66
PROP001001,2022-04-26,89956.9
PROP002635,2020-11-12,694777.28
PROP001094,2021-08-29,1189826.82
PROP000649,2021-12-13,666868.93
PROP001555,2021-11-15,1262520.57
PROP002135,2018-08-12,1943348.72
PROP002984,2023-06-13,1800430.39
PROP001799,2023-08-23,1277110.16
PROP001077,2023-03-04,1710133.62
PROP000527,2022-12-24,1969295.63
PROP001877,2022-02-08,1944687.15
PROP000261,2020-12-18,450425.07
PROP001648,2020-05-16,1520931.65
PROP000933,2022-04-13,315007.65
PROP001036,2024-12-24,1616477.76
PROP000267,2024-06-17,638372.28
PROP002570,2023-05-28,1211429.82
PROP000935,2024-07-05,324291.56
PROP002011,2019-06-08,673718.02
PROP000432,2020-12-16,936636.55
PROP002375,2021-03-12,1650903.01
PROP001706,2020-06-26,1889757.27
PROP001915,2021-11-25,709514.97
PROP001737,2023-07-27,268082.29
PROP002029,2019-05-29,650949.72
PROP001240,2018-08-09,1379952.56
PROP001762,2021-10-30,1242333.91
PROP001190,2023-03-12,1247554.61
PROP002408,2018-07-24,663579.69
PROP001556,2024-02-25,1881767.24
PROP001917,2018-06-21,1181520.94
PROP001011,2024-04-19,913108.02
PROP001703,2023-04-24,1513901.32
PROP001814,2020-03-12,1235457.26
PROP002129,2021-12-08,106177.33
PROP002715,2022-02-05,536759.24
PROP001032,2018-09-06,1844172.34
PROP000421,2023-11-07,1058101.65
PROP002560,2018-02-22,1320433.2
PROP001602,2022-08-27,1249938.3
PROP000202,2022-06-05,782637.1
PROP002680,2024-01-07,1507818.79
PROP002416,2023-05-14,605212.73
PROP001867,2021-05-01,1334098.15
PROP002416,2018-12-12,1450363.21
PROP000936,2021-09-08,1083382.0
PROP002715,2022-12-29,634514.89
PROP001711,2024-04-26,417330.11
PROP001081,2023-02-24,917468.38
PROP001397,2023-08-18,746405.4
PROP001076,2023-01-20,981731.65
PROP002669,2024-12-09,1414461.59
PROP002761,2024-01-21,515163.28
PROP000059,2019-10-15,982636.75
PROP001732,2018-08-21,782202.48
PROP001652,2022-07-20,1483941.89
PROP001103,2023-02-11,1561689.6
PROP001654,2018-11-17,1563565.07
PROP000724,2024-12-28,1829269.79
PROP001859,2021-12-24,1983670.51
PROP002389,2023-06-30,1752389.31
PROP001813,2022-02-13,1518247.57
PROP000053,2022-02-10,1359583.42
PROP000619,2019-07-20,647999.31
PROP002008,2019-10-20,1533211.33
PROP002904,2020-07-29,1675039.07
PROP001564,2021-01-02,357635.79
PROP001268,2022-04-20,740188.24
PROP002814,2019-10-22,1021207.77
PROP000279,2022-11-02,724722.58
PROP000257,2024-06-09,1152649.63
PROP001374,2022-03-22,1431642.85
PROP000171,2019-09-02,1029829.15
PROP002337,2020-06-09,1215312.47
PROP001848,2022-09-21,1630910.36
PROP001587,2023-05-24,238218.74
PROP000825,2024-03-05,935578.32
PROP001463,2020-01-31,812587.19
PROP002081,2020-04-20,84507.35
PROP000646,2020-04-10,1763628.21
PROP001534,2023-10-24,1465072.78
PROP000404,2021-11-12,1471410.99
PROP001049,2019-09-29,561968.65
PROP001284,2022-01-02,1515063.07
PROP002252,2019-05-09,994776.67
PROP002487,2019-06-16,1851482.91
PROP002196,2018-07-24,223591.92
PROP000933,2024-02-29,1191461.24
PROP002053,2023-01-02,690613.41
PROP001977,2024-06-21,553599.26
PROP002747,2023-09-28,566978.41
PROP002255,2020-12-13,1010065.49
PROP001858,2023-10-12,1347490.89
PROP000168,2024-10-25,400669.74
PROP002764,2023-06-01,264103.6
PROP002397,2020-11-07,1237080.69
PROP001540,2024-01-14,1275401.86
PROP001406,2024-10-01,734333.24
PROP001576,2023-04-03,1743347.12
PROP000614,2020-09-21,1184275.34
PROP000324,2022-07-21,497029.38
PROP001592,2020-01-22,780940.72
PROP001845,2024-04-20,912793.46
PROP001061,2019-03-24,1047063.9
PROP000939,2023-03-22,1491894.82
PROP001739,2019-05-24,334076.92
PROP001861,2019-05-18,1219751.36
PROP001122,2023-10-23,951658.37
PROP000067,2022-07-14,539980.22
PROP002982,2019-06-17,853787.8
PROP002758,2022-04-29,851157.97
PROP002136,2018-12-29,1407854.16
PROP002095,2021-10-11,301144.26
PROP001027,2019-07-30,347903.1
PROP001637,2019-06-13,1577682.79
PROP002388,2021-08-29,780937.96
PROP001801,2022-09-15,673188.91
PROP000405,2018-08-13,1374123.16
PROP000341,2021-10-08,1195411.63
PROP002429,2024-05-19,1950657.04
PROP000763,2021-09-03,1912758.21
PROP000483,2020-05-06,1342929.2
PROP000570,2021-07-22,1273101.71
PROP000097,2022-03-10,1107189.68
PROP001446,2019-09-12,1106192.52
PROP002644,2022-05-20,1329694.97
PROP000378,2024-09-23,1563296.93
PROP002743,2019-04-09,663210.06
PROP001611,2020-11-20,568100.09
PROP000968,2024-02-03,1521978.38
PROP002696,2024-08-03,1135461.07
PROP001581,2022-02-18,1052476.55
PROP001832,2019-12-12,1706136.38
PROP001984,2018-09-28,1344114.28
PROP000861,2022-09-28,1609209.63
PROP001482,2019-04-20,1677685.21
PROP000245,2019-10-02,605402.96
PROP002583,2019-11-05,252020.11
PROP000947,2023-07-16,536589.85
PROP000313,2021-06-24,1762083.41
PROP002817,2020-03-03,1124424.41
PROP001594,2022-07-12,1770224.28
PROP000260,2018-05-23,1367798.19
PROP001416,2021-10-28,1634267.29
PROP000310,2019-07-29,305482.9
PROP001397,2020-08-19,803515.68
PROP000267,2018-07-30,1554405.56
PROP001132,2023-09-19,485215.32
PROP001427,2023-02-18,931386.4
PROP001221,2019-02-01,694185.98
PROP000883,2019-01-23,487536.15
PROP000818,2022-09-07,1151041.0
PROP000466,2021-01-12,1025587.91
PROP001827,2019-02-27,1149377.59
PROP000431,2022-07-09,1492869.03
PROP000994,2020-04-03,1945653.92
PROP001779,2024-04-02,1332971.31
PROP000554,2019-05-28,1760919.76
PROP001642,2020-03-11,1906780.01
PROP001447,2021-06-26,1262514.89
PROP002330,2018-01-16,1948674.26
PROP001762,2018-08-25,1093003.7
PROP001350,2023-04-04,929017.58
PROP002436,2024-07-12,454249.72
PROP002741,2021-12-19,856901.22
PROP002127,2019-01-14,1810934.38
PROP002509,2022-01-19,1183834.82
PROP000323,2022-05-21,819711.77
PROP001382,2021-03-19,1237687.9
PROP000041,2023-07-10,279669.7
PROP000778,2024-08-05,1041544.54
PROP002308,2019-01-05,1843421.57
PROP001346,2021-02-11,1626426.3
PROP000768,2024-02-25,1690334.74
PROP002154,2020-08-05,1425144.94
PROP001902,2021-04-02,734443.95
PROP000630,2022-03-14,536018.74
PROP000102,2018-02-10,1698390.31
PROP000014,2024-12-19,1860132.14
PROP002859,2022-12-30,495389.52
PROP001961,2024-02-12,805180.46
PROP001890,2022-07-06,1115879.8
PROP002836,2024-07-12,701383.54
PROP001666,2021-04-28,1095725.82
PROP000467,2021-11-14,1694440.24
PROP002238,2023-08-09,1424706.09
PROP000629,2021-01-02,1244905.39
PROP001514,2020-08-22,658910.86
PROP000235,2021-02-28,496970.13
PROP001390,2018-07-31,388579.21
PROP001653,2022-11-01,637700.52
PROP001327,2021-12-12,1135720.78
PROP001804,2020-12-28,817804.86
PROP000043,2022-03-11,1948270.0
PROP001816,2024-04-06,998909.5
PROP001935,2024-01-13,953469.6
PROP002995,2018-07-17,284323.89
PROP000161,2022-04-26,1487129.3
PROP000878,2022-09-21,327978.87
PROP000904,2024-01-09,1837998.9
PROP002576,2018-02-07,357251.11
PROP001772,2022-01-12,1775795.18
PROP000302,2020-05-20,1879754.73
PROP000523,2023-11-18,436245.07
PROP001423,2021-10-11,481621.52
PROP001120,2020-05-04,1961271.01
PROP002999,2018-07-29,1063274.89
PROP000707,2022-11-30,239539.63
PROP001390,2020-06-19,354930.48
PROP000101,2021-06-30,1112565.43
PROP001155,2018-08-28,1601808.01
PROP000061,2020-05-28,1650864.8
PROP002848,2024-07-27,1832001.48
PROP000882,2022-06-15,1559725.55
PROP001410,2023-07-26,602816.15
PROP000278,2024-02-28,1308281.26
PROP001042,2020-05-18,374709.57
PROP000298,2018-02-23,448966.19
PROP002163,2023-11-09,65811.3
PROP002568,2024-02-03,1651855.11
PROP002234,2021-11-12,1484660.49
PROP002294,2021-06-01,788519.04
PROP000717,2022-09-02,293123.87
PROP001679,2018-05-27,1121190.85
PROP002657,2019-08-05,1745795.69
PROP002491,2021-03-14,1410330.61
PROP000821,2024-02-03,1432651.36
PROP001743,2023-05-14,750499.39
PROP001042,2019-03-31,547877.5
PROP002604,2020-03-21,1173136.11
PROP002745,2020-06-16,1661157.16
PROP000501,2020-11-26,1514644.51
PROP002111,2022-09-08,1242204.98
PROP001213,2024-07-16,1358642.38
PROP001874,2024-09-14,1600322.71
PROP002235,2024-04-29,1243597.24
PROP002115,2018-01-29,1256447.04
PROP001248,2019-03-18,268560.44
PROP000339,2020-06-21,1989245.93
PROP002307,2019-03-19,1435812.12
PROP002814,2019-06-29,1227361.25
PROP002841,2019-03-27,1055704.98
PROP001175,2018-04-14,575007.98
PROP002849,2024-06-27,1788189.98
PROP002299,2023-05-15,1855275.1
PROP000679,2019-04-03,1764990.23
PROP002007,2018-08-31,1301499.84
PROP000342,2020-05-15,245768.56
PROP000120,2024-12-16,1515252.09
PROP000837,2018-10-30,647702.65
PROP000975,2021-02-16,1798007.5
PROP001354,2019-08-08,492225.04
PROP002241,2024-08-21,634859.6
PROP002219,2021-08-19,423994.49
PROP001120,2022-03-13,1982845.52
PROP001692,2023-11-26,575032.21
PROP002210,2022-01-11,416487.16
PROP000237,2019-12-15,1403035.51
PROP001688,2021-09-16,1646551.17
PROP002663,2019-02-05,1739664.33
PROP000431,2018-05-20,897731.21
PROP001977,2023-02-06,736376.6
PROP000705,2021-10-21,1762299.16
PROP001930,2018-02-09,1802309.53
PROP001428,2023-10-08,257160.27
PROP001603,2023-08-15,1120335.49
PROP001791,2018-04-18,693378.06
PROP000701,2020-04-04,845024.88
PROP001392,2020-03-20,292792.74
PROP000465,2023-01-15,399377.49
PROP002084,2024-05-09,1951253.39
PROP002848,2023-12-02,1997541.03
PROP002856,2023-10-31,1296612.1
PROP001180,2019-11-17,660239.67
PROP000679,2021-11-16,1935520.78
PROP000321,2022-02-18,1667126.16
PROP000084,2024-07-04,1289197.94
PROP000737,2021-02-17,406855.7
PROP001232,2023-07-22,968155.99
PROP000188,2022-05-11,760258.77
PROP001468,2020-12-21,245526.49
PROP002490,2022-10-30,365473.62
PROP002018,2018-04-11,1918746.06
PROP000310,2020-09-01,1419847.48
PROP001956,2021-04-11,1205962.77
PROP002307,2018-05-27,1253373.92
PROP001785,2021-06-27,811757.87
PROP001797,2019-03-08,1209953.87
PROP000057,2022-09-29,1404013.13
PROP002823,2018-11-01,1165423.38
PROP000303,2022-11-08,482955.89
PROP001867,2024-05-06,97178.77
PROP001162,2022-03-28,294990.68
PROP001743,2021-02-25,1740253.7
PROP002953,2018-03-26,679408.09
PROP002492,2023-12-29,888372.13
PROP001103,2019-02-01,1791261.27
PROP000183,2018-04-05,1511573.75
PROP002082,2021-10-30,1321305.39
PROP000420,2019-09-25,1763550.85
PROP001985,2023-06-22,324914.33
PROP001029,2021-05-19,1295629.07
PROP002087,2020-09-21,583945.7
PROP002907,2023-02-24,1484112.04
PROP002784,2022-03-09,504032.13
PROP002821,2023-03-15,1878527.33
PROP002808,2018-01-29,308240.1
PROP001071,2018-11-21,353831.83
PROP002111,2019-01-04,393413.52
PROP000649,2018-07-30,974060.27
PROP001401,2018-12-29,1159118.76
PROP002401,2021-11-29,656183.98
PROP001671,2023-01-28,241485.85
PROP001060,2023-02-24,1697271.62
PROP001990,2018-12-17,1080561.98
PROP002215,2019-11-24,1506159.35
PROP000245,2020-09-03,433388.42
PROP002766,2023-06-23,1654195.88
PROP001220,2022-08-24,1437217.47
PROP002789,2020-09-23,161009.25
PROP000790,2020-09-07,231606.92
PROP000740,2019-10-29,1046479.81
PROP000239,2019-04-09,154026.49
PROP001907,2018-11-23,905309.32
PROP000420,2024-10-13,331567.85
PROP001468,2022-08-27,652724.29
PROP002939,2024-11-21,1950958.31
PROP002993,2023-12-13,145011.86
PROP002545,2018-06-29,1092572.86
PROP000860,2021-12-30,736115.93
PROP002225,2019-06-25,351971.02
PROP002098,2022-02-05,103408.37
PROP002849,2023-07-31,1974450.03
PROP001374,2019-11-08,551859.11
PROP002941,2019-07-15,133675.64
PROP000698,2022-02-28,174187.52
PROP000989,2018-05-14,204455.94
PROP002595,2019-03-31,199833.19
PROP001600,2023-03-18,1721396.08
PROP001133,2020-09-02,1083762.87
PROP000270,2018-10-29,252319.79
PROP000188,2020-08-28,71080.51
PROP000418,2018-10-29,1972399.18
PROP000387,2020-05-28,520955.69
PROP001618,2023-10-29,198266.09
PROP000493,2018-07-15,233085.37
PROP001116,2018-06-04,53114.22
PROP001335,2021-12-12,1487296.87
PROP000659,2018-07-08,1914023.04
PROP001060,2023-08-20,1193584.59
PROP002677,2021-09-11,206956.48
PROP002702,2018-06-11,420776.63
PROP001244,2023-02-21,1416349.02
PROP001177,2024-06-09,797616.36
PROP000331,2019-09-02,1640931.35
PROP001889,2020-08-26,1417692.67
PROP001795,2023-02-28,1930179.67
PROP002471,2018-02-04,218904.59
PROP002110,2023-11-16,1403147.68
PROP002650,2021-08-12,1348547.45
PROP000147,2018-01-30,1017464.56
PROP002911,2019-03-17,1835376.63
PROP002080,2019-07-08,96182.68
PROP001344,2022-10-17,365205.88
PROP001107,2021-05-01,631680.36
PROP001557,2024-08-04,207315.45
PROP002329,2020-11-19,1961253.67
PROP002130,2023-01-21,569017.8
PROP002387,2023-04-11,532652.7
PROP000069,2021-09-30,1164758.28
PROP000964,2024-09-30,1730568.44
PROP000733,2023-04-27,698632.97
PROP000092,2018-10-06,1946151.18
PROP001932,2021-08-27,488745.85
PROP001187,2024-05-19,1339566.73
PROP000886,2021-08-27,981051.6
PROP001218,2020-10-02,1749448.09
PROP002509,2019-05-07,1330782.31
PROP000469,2022-08-13,1428412.33
PROP001694,2022-12-24,1141929.47
PROP001467,2019-08-20,1905507.69
PROP000246,2022-08-16,254132.58
PROP000140,2019-08-24,1416845.3
PROP001815,2020-11-12,1868071.86
PROP001524,2021-12-07,1713481.09
PROP000178,2021-02-28,469912.48
PROP000431,2023-11-11,1905785.49
PROP000234,2018-06-14,1440078.32
PROP002728,2019-04-21,833162.01
PROP002811,2023-11-23,1279704.15
PROP002774,2018-04-25,1587958.26
PROP000093,2018-11-06,900351.89
PROP001625,2022-08-27,116205.03
PROP002799,2019-04-03,1265837.38
PROP002933,2024-02-25,359596.96
PROP001606,2024-01-07,1176900.61
PROP002955,2022-07-14,628193.24
PROP001279,2021-03-17,1323095.39
PROP002550,2022-08-23,145046.4
PROP000992,2020-11-24,202393.6
PROP002401,2022-12-06,477606.92
PROP001017,2018-02-19,876607.21
PROP002233,2022-01-09,1852838.55
PROP001295,2023-02-12,868505.35
PROP000904,2021-03-11,1933914.49
PROP002469,2019-05-22,600522.97
PROP002929,2018-06-30,1708735.29
PROP002118,2023-07-17,1041557.59
PROP001851,2020-05-21,1674413.78
PROP001061,2024-05-23,954912.8
PROP002043,2018-07-31,1359991.04
PROP000127,2022-06-01,994416.22
PROP002840,2022-03-02,1661946.52
PROP001362,2022-06-15,1934704.94
PROP001566,2019-07-22,1259147.59
PROP000071,2023-06-13,1846715.38
PROP001322,2018-09-22,1075698.78
PROP001509,2022-12-20,393033.38
PROP002176,2024-09-26,366328.23
PROP001586,2019-07-14,1860184.99
PROP000477,2024-05-21,672762.35
PROP002476,2023-10-27,597473.41
PROP001109,2020-09-15,1653299.89
PROP000371,2018-11-24,1363797.92
PROP002141,2021-06-06,1514853.15
PROP000072,2018-10-04,1523486.17
PROP000419,2022-01-30,442482.23
PROP000584,2024-03-15,454173.3
PROP001423,2022-02-25,1066671.5
PROP002570,2022-10-13,1773325.47
PROP001146,2023-05-11,1813936.79
PROP001410,2018-10-03,418959.89
PROP001895,2019-03-24,1764719.2
PROP002676,2020-10-13,1526067.13
PROP001558,2024-05-26,1255510.09
PROP002823,2018-03-07,1343492.19
PROP002196,2022-03-13,1390788.86
PROP001699,2019-06-02,729894.76
PROP001755,2019-01-28,585229.47
PROP002636,2023-04-19,979323.74
PROP001246,2020-12-09,837745.68
PROP001842,2022-01-01,1088718.79
PROP001672,2023-12-29,1091223.04
PROP000395,2019-05-29,489265.49
PROP001062,2018-01-27,1484000.38
PROP002286,2018-07-19,1016879.21
PROP000689,2019-04-12,276398.61
PROP001522,2024-11-26,1611757.43
PROP001341,2020-12-12,1403263.98
PROP001041,2020-12-21,1660405.77
PROP002173,2023-09-22,1216737.23
PROP002565,2019-01-30,1902765.24
PROP002143,2024-01-21,1615558.81
PROP001721,2020-10-22,1321372.5
PROP001086,2021-06-02,135147.36
PROP000649,2023-09-03,1724067.59
PROP002614,2018-03-05,953919.91
PROP001954,2023-05-02,1252986.64
PROP002928,2018-06-30,1578810.81
PROP000302,2023-12-09,972727.23
PROP001761,2018-08-24,1778509.81
PROP000109,2021-05-25,1952702.46
PROP000925,2022-07-04,1294133.39
PROP001960,2021-04-27,221628.39
PROP001388,2019-04-02,1325229.0
PROP000783,2024-10-31,1282042.96
PROP002528,2021-10-21,722691.87
PROP000274,2020-01-25,479535.45
PROP001277,2019-06-21,1144875.38
PROP001216,2023-03-11,1717321.36
PROP002413,2021-06-04,1774096.28
PROP001450,2020-05-23,1017423.99
PROP001999,2023-09-29,1853126.29
PROP002036,2024-04-15,669935.62
PROP001388,2019-09-27,530345.8
PROP002901,2020-04-04,1100924.25
PROP001128,2019-09-07,989245.39
PROP002123,2024-02-22,1510772.04
PROP000145,2022-03-04,374279.43
PROP001437,2022-01-28,1533386.89
PROP001815,2023-04-18,1331187.16
PROP002904,2020-03-26,1288149.01
PROP000694,2020-02-17,641814.91
PROP002346,2024-03-15,67787.37
PROP000720,2023-07-18,446037.02
PROP001025,2022-07-31,117612.63
PROP000898,2019-08-06,552981.88
PROP002506,2020-04-03,1170039.66
PROP002963,2023-08-18,742014.85
PROP001268,2024-11-26,193705.21
PROP001850,2021-12-08,1707132.24
PROP001053,2019-05-30,995677.71
PROP001984,2020-07-11,403963.76
PROP000198,2022-06-07,1256410.95
PROP002576,2022-12-18,509578.78
PROP000079,2019-07-26,585891.2
PROP000021,2020-09-23,1541566.91
PROP002248,2021-07-13,326780.73
PROP000829,2018-03-24,1168303.05
PROP001830,2021-04-01,1292261.28
PROP000547,2022-04-28,1631805.8
PROP002292,2020-09-02,1435444.04
PROP000719,2020-02-27,1726909.51
PROP000131,2019-06-23,82697.44
PROP001125,2022-07-01,1022467.64
PROP002920,2020-08-24,176449.79
PROP002291,2019-10-06,628183.82
PROP000573,2022-08-04,1877875.32
PROP002134,2024-02-15,1799744.04
PROP002670,2021-11-17,1364156.97
PROP002802,2019-05-05,1171042.06
PROP001201,2020-10-03,1096379.43
PROP000363,2020-08-28,1464570.12
PROP000372,2019-11-30,675691.78
PROP002890,2018-09-10,1170551.32
PROP001310,2021-07-11,311845.34
PROP001043,2021-09-05,507952.58
PROP000451,2021-04-23,1991964.36
PROP001323,2021-06-14,379463.83
PROP000355,2022-09-19,1189427.07
PROP002467,2020-07-13,471417.25
PROP002081,2019-11-19,743760.59
PROP001798,2024-01-24,333015.81
PROP002113,2019-10-16,411634.49
PROP001760,2020-06-04,595488.42
PROP002050,2021-05-16,1723805.83
PROP001293,2024-10-11,301573.99
PROP000824,2019-02-28,1418577.11
PROP001935,2024-06-20,709411.09
PROP000811,2020-11-13,348858.88
PROP000917,2024-02-19,1709898.41
PROP002470,2024-04-20,1646074.29
PROP000790,2019-08-18,475412.77
PROP002151,2024-04-08,508448.17
PROP001577,2024-07-13,721674.47
PROP001033,2021-07-27,1816568.55
PROP002876,2021-07-25,1586921.57
PROP000171,2024-02-02,419991.15
PROP002455,2024-04-18,338687.18
PROP002666,2020-01-09,673832.12
PROP001643,2018-09-10,224889.91
PROP001005,2018-03-17,1693978.33
PROP000791,2021-08-29,920353.41
PROP002826,2022-08-04,1788215.66
PROP001017,2018-09-10,409440.62
PROP002531,2021-02-28,715131.31
PROP000503,2019-03-13,1649464.64
PROP000808,2023-05-23,1881590.96
PROP000871,2020-08-28,1440586.65
PROP001180,2021-07-11,555386.43
PROP002283,2023-05-13,1087105.31
PROP000816,2019-12-03,1335211.69
PROP000114,2019-06-26,1703192.62
PROP002749,2023-03-21,1505722.68
PROP001804,2023-11-01,1073729.11
PROP002330,2024-12-30,1790632.98
PROP001409,2022-09-12,451115.99
PROP002920,2020-11-11,335000.7
PROP001248,2018-12-23,481250.59
PROP001000,2018-10-14,1773801.12
PROP002595,2024-11-12,296383.16
PROP001647,2019-09-26,307354.69
PROP000507,2024-08-09,1703398.76
PROP002903,2019-03-25,1494645.46
PROP000952,2021-11-12,249857.96
PROP002616,2022-04-20,312946.65
PROP002526,2018-05-01,1092807.24
PROP002723,2021-03-25,51740.44
PROP002145,2023-03-22,977163.74
PROP001911,2018-12-16,1465841.08
PROP001433,2019-11-13,1481839.11
PROP000598,2023-12-20,1318500.75
PROP000484,2019-03-20,1527654.69
PROP002387,2022-10-09,1080849.23
PROP000076,2024-11-24,321735.69
PROP001236,2020-04-16,1904699.03
PROP002687,2020-09-06,739271.93
PROP000713,2022-07-07,270644.02
PROP000660,2020-12-18,94800.14
PROP000277,2024-04-02,1420780.9
PROP002763,2021-12-09,1580191.48
PROP001766,2021-09-12,222915.96
PROP000033,2024-01-10,1151124.81
PROP002928,2022-03-03,60177.7
PROP002449,2022-06-11,1550127.35
PROP002681,2023-02-15,57876.52
PROP001759,2019-09-17,163867.69
PROP002583,2020-05-14,1100299.49
PROP002982,2023-09-23,91366.37
PROP000497,2018-06-09,1053160.3
PROP001784,2021-03-21,871448.19
PROP001826,2021-05-01,301106.29
PROP001524,2018-07-05,66839.18
PROP001652,2022-06-26,69759.63
PROP002944,2021-11-11,473587.47
PROP002233,2020-03-28,1993503.87
PROP001326,2020-11-22,1649413.24
PROP002974,2023-01-15,333745.26
PROP000354,2024-07-01,261684.44
PROP000961,2024-05-14,1390340.88
PROP001938,2024-10-14,1730820.15
PROP002203,2024-02-17,1927422.86
PROP002046,2021-11-10,496667.54
PROP001747,2022-10-30,1351904.27
PROP001144,2022-10-06,1132585.72
PROP002684,2021-02-13,1651839.36
PROP001893,2018-01-18,1995127.17
PROP000688,2018-10-12,822839.81
PROP000864,2018-05-01,1503019.02
PROP001886,2021-05-02,101480.42
PROP000683,2024-12-04,878372.62
PROP002517,2021-07-24,1806587.04
PROP000452,2021-03-23,536883.46
PROP000998,2021-09-29,1701115.91
PROP002792,2024-03-29,1219522.06
PROP000168,2022-11-29,379534.72
PROP001290,2022-06-24,118387.14
PROP000468,2019-07-20,411371.33
PROP002506,2018-01-02,845192.36
PROP002745,2022-06-02,1854007.05
PROP000530,2021-04-22,766413.12
PROP000906,2021-05-20,1247018.24
PROP000906,2024-03-23,234382.8
PROP000103,2023-11-14,269172.37
PROP001525,2021-08-08,1192013.67
PROP001300,2023-07-19,903463.54
PROP000214,2020-02-08,920512.8
PROP002094,2024-12-18,1921637.42
PROP002530,2018-07-24,407973.53
PROP002437,2022-02-11,811894.59
PROP001488,2018-06-07,400415.29
PROP001577,2023-08-30,1766656.52
PROP001506,2021-09-13,1819045.9
PROP000529,2020-11-19,798564.58
PROP002101,2019-08-18,441198.93
PROP002680,2022-02-23,1444328.73
PROP001868,2024-01-14,407276.97
PROP001204,2023-06-24,1922088.82
PROP000937,2022-07-24,685469.7
PROP002601,2023-05-15,1350762.34
PROP001273,2023-04-09,691717.29
PROP002536,2024-11-10,1290777.62
PROP001988,2021-12-12,64597.7
PROP002835,2019-09-13,739239.27
PROP001152,2024-02-25,272505.57
PROP000019,2020-04-05,1461241.26
PROP002515,2021-01-04,1565428.62
PROP002537,2021-09-14,97624.37
PROP001207,2020-01-28,1969410.63
PROP000239,2020-10-18,1408560.01
PROP001171,2021-07-14,1077405.86
PROP000279,2020-05-11,265184.17
PROP001279,2021-12-23,1027319.39
PROP002941,2020-01-01,1461757.44
PROP001380,2022-06-15,1539832.98
PROP000457,2024-12-03,315514.31
PROP000708,2023-11-03,845187.86
PROP000250,2019-02-26,1553092.02
PROP000204,2018-11-03,385714.3
PROP001892,2018-12-31,1002970.99
PROP000030,2019-08-14,1831362.49
PROP002182,2020-12-19,1868364.18
PROP001501,2021-01-31,322164.14
PROP000804,2019-05-19,510009.8
PROP001621,2023-09-05,1362755.57
PROP002252,2022-03-21,831161.41
PROP001030,2021-11-21,578669.63
PROP002633,2019-09-22,578174.89
PROP002705,2018-03-17,1629596.95
PROP001693,2020-02-06,357137.05
PROP000285,2021-10-20,674963.39
PROP000536,2018-03-14,72986.53
PROP001734,2022-03-28,1418730.18
PROP001031,2023-07-31,457087.24
PROP002769,2020-09-22,1311925.21
PROP001287,2023-08-10,1880558.37
PROP002802,2019-07-26,1029606.64
PROP001544,2021-11-20,111496.4
PROP001702,2024-02-01,1856977.73
PROP001882,2019-06-06,1463228.41
PROP002044,2022-08-20,867574.2
PROP001619,2019-07-07,1950462.01
PROP002970,2020-07-04,1692677.76
PROP000989,2022-10-09,1591263.18
PROP002887,2023-06-07,1356630.12
PROP001844,2019-08-28,750084.45
PROP000430,2020-11-26,503647.76
PROP001939,2021-04-14,1818996.88
PROP000128,2024-07-04,852132.67
PROP001650,2023-02-24,1024038.06
PROP000455,2021-09-30,100887.09
PROP001555,2019-06-18,604594.69
PROP000322,2020-11-10,1653019.42
PROP002826,2022-05-27,208559.75
PROP000659,2019-11-04,689027.0
PROP000336,2018-12-17,124185.4
PROP001358,2024-05-16,1712778.37
PROP001674,2022-02-04,840172.99
PROP000113,2022-03-27,1455726.41
PROP002406,2018-09-24,1881855.56
PROP002113,2020-12-10,1540837.53
PROP001533,2022-09-22,236692.32
PROP000988,2024-09-17,1209777.88
PROP000104,2021-07-10,1120883.05
PROP001768,2019-12-19,1386481.66
PROP000775,2019-07-11,1290755.37
PROP002108,2022-07-23,1958228.93
PROP002702,2020-01-04,528449.23
PROP002568,2024-11-30,1536193.5
PROP001553,2022-12-04,1512646.31
PROP002012,2020-09-08,1272422.21
PROP002524,2024-03-07,730790.51
PROP000983,2022-10-13,1287472.66
PROP000405,2023-08-05,254525.36
PROP000428,2020-02-28,1573521.33
PROP001956,2021-03-31,585922.09
PROP001407,2023-08-10,415250.76
PROP001608,2020-10-14,149979.61
PROP002768,2019-02-21,1892105.89
PROP002333,2023-11-26,1472534.67
PROP000315,2023-11-29,1444424.09
PROP002833,2021-10-03,1141665.26
PROP002799,2021-07-25,1913989.64
PROP002406,2018-04-22,1420447.45
PROP002279,2020-06-25,1649516.07
PROP001096,2022-07-13,93802.56
PROP000256,2019-05-25,642279.55
PROP002626,2022-02-04,472218.78
PROP002597,2020-07-25,1448641.07
PROP002304,2022-05-08,634062.19
PROP001038,2019-06-21,1540858.02
PROP002706,2020-10-08,1398803.57
PROP002514,2021-03-08,1760133.01
PROP002384,2022-06-06,1551947.51
PROP001678,2022-08-03,1629837.83
PROP000068,2022-07-31,242187.14
PROP000346,2023-10-13,1258093.92
PROP002083,2023-09-06,889585.81
PROP001151,2023-06-24,1943810.98
PROP000276,2018-05-11,791806.23
PROP001419,2019-02-22,1459425.74
PROP002160,2018-07-13,631228.17
PROP000208,2022-03-29,297435.27
PROP001929,2022-12-16,1907370.36
PROP000308,2023-07-11,1958452.03
PROP001852,2022-09-17,566078.93
PROP000784,2019-04-19,434665.67
PROP001314,2024-09-19,722431.29
PROP002632,2022-10-28,899690.04
PROP002972,2023-11-04,813926.15
PROP000881,2021-05-31,971631.05
PROP002705,2023-02-17,261798.19
PROP002545,2023-06-22,1089589.57
PROP001175,2024-11-19,1834953.07
PROP001476,2019-07-10,418786.82
PROP001113,2018-07-12,225876.49
PROP001571,2019-12-22,804383.84
PROP000799,2023-11-15,770925.45
PROP001770,2021-04-19,370737.69
PROP001643,2023-01-13,1845897.48
